season,team,d_att,d_dfn
2016,Bournemouth,0.1951519817238581,-0.14355884431783086
2016,Crystal Palace,0.11141609684782924,-0.07244257828383073
2016,Tottenham,0.11396884620788872,0.12808996478423834
2016,Manchester United,0.18595505376366267,0.2514273854006317
2016,Swansea,0.05791500347450104,-0.19720497686056798
2016,Stoke,0.07844359387733667,0.02098105685909757
2016,West Bromwich Albion,0.10512680210788347,-0.013772773318162712
2016,Watford,-0.06075112673246763,-0.17246499997672055
2016,Liverpool,0.163447531542536,0.06673911169079372
2016,Southampton,-0.2183300250763401,0.06854556271094576
2016,West Ham,-0.1847263678010407,-0.13423243751260638
2016,Sunderland,-0.3034167725462846,-0.1546783824839202
2016,Chelsea,0.2106996387020759,0.4139268808878745
2016,Everton,-0.03718307231963307,0.178492146118026
2016,Manchester City,0.16495306935940385,0.21881106627317337
2016,Arsenal,-0.0703550415779075,-0.1946025087944364
2016,Leicester,-0.35845344001105567,-0.2666004765761909
2017,Bournemouth,-0.135818075246849,0.01330976780484483
2017,Crystal Palace,0.11739928172709826,0.009984365515725208
2017,Tottenham,-0.0026578779777974293,-0.10181880124920856
2017,Manchester United,0.12121656016383855,-0.2987809300721319
2017,Swansea,-0.31838009745671514,0.12037195932815214
2017,Stoke,-0.1823597965719725,-0.22024161725851796
2017,West Bromwich Albion,-0.14436906361894433,-0.0457204269677422
2017,Watford,0.16938360381818196,0.033607565057308414
2017,Liverpool,0.1757786000503887,0.09147598826001194
2017,Southampton,-0.10784841636111969,-0.17324113028066698
2017,West Ham,-0.17008733894985217,0.002288186666211306
2017,Burnley,0.012593672658050559,0.15590612782437946
2017,Chelsea,-0.11394775831445544,-0.14323410707734546
2017,Everton,-0.23899757870583044,-0.20096594974149257
2017,Manchester City,0.20120344424160636,0.20256712296111973
2017,Arsenal,0.10187389892983406,-0.11469341412128675
2017,Leicester,0.15467307891207338,0.05299905681361182
2018,Bournemouth,0.19657462225392736,0.049955058695476756
2018,Crystal Palace,-0.1585996475555346,0.11817895927838064
2018,Tottenham,-0.19795943286049428,-0.16690373699564678
2018,Manchester United,-0.0610945855119511,-0.19615587368143445
2018,Watford,0.11536613440860133,-0.046168869634809734
2018,Brighton,-0.06443505349740775,-0.025533148209284623
2018,Liverpool,-0.08659083036397497,0.29194694312444874
2018,Southampton,0.08255893263516774,-0.15209414264344875
2018,West Ham,0.11253962463798509,0.022127214425590402
2018,Huddersfield,-0.19956203561297847,-0.1805013747619452
2018,Burnley,0.19035243252512518,-0.30686780037763556
2018,Chelsea,-0.042543230227211515,-0.0254123724554563
2018,Everton,0.16127123364767385,0.21191728626894624
2018,Manchester City,-0.08368928242527951,0.1253800178293618
2018,Newcastle United,-0.17171225371961568,-0.01474014773571414
2018,Arsenal,-0.16716338223341537,-0.041914484453146855
2018,Leicester,-0.11382155467833313,0.22310222850424832
2019,Bournemouth,-0.25441275641936006,0.04415005464903804
2019,Crystal Palace,-0.33601338383003193,-0.06322756992060709
2019,Tottenham,-0.18552527288619636,-0.08608787848156901
2019,Manchester United,-0.049969458565285174,0.3367255786274158
2019,Watford,-0.23494247478818459,0.07817888107425756
2019,Brighton,0.2832343865618317,-0.020642284968269434
2019,Liverpool,-0.025288855867499904,-0.32629747900174566
2019,Southampton,0.1334309366578752,0.0698664887433436
2019,West Ham,0.01683068605568737,-0.0480461855050037
2019,Burnley,0.03566906926144109,0.2703496855305398
2019,Chelsea,0.1537868485611347,-0.16712547645371598
2019,Everton,-0.009402275113187995,-0.06576337384168154
2019,Manchester City,0.06071697846262991,-0.4212500711938943
2019,Newcastle United,-0.05074823599610814,-0.19535285941548922
2019,Arsenal,-0.2386496406687597,0.05367659114535782
2019,Leicester,0.2087797366505854,0.056724468433777014
2019,Wolverhampton Wanderers,0.03944515456952753,0.1369282050461657
2020,Tottenham,0.1801275453535176,0.004272494941341597
2020,Crystal Palace,0.15185068696831522,-0.17167309061973188
2020,Sheffield United,-0.3983649361865361,-0.345526528715078
2020,Aston Villa,0.2625959267357956,0.26521419977904526
2020,Manchester United,0.08387266187901135,-0.18153947125171707
2020,Brighton,0.055865407472849474,0.3539031779924149
2020,Liverpool,-0.051195450445460255,-0.16409683738476488
2020,Southampton,-0.14693796936928755,-0.0685925027497949
2020,West Ham,0.25801371496109926,0.23996132884418894
2020,Burnley,-0.21118045393734913,-0.1646779310541684
2020,Chelsea,-0.11942628100347391,0.3226330217640506
2020,Everton,-0.04028774707532498,-0.01828649667399363
2020,Manchester City,-0.2131444027603286,0.2713263143081442
2020,Newcastle United,0.160003460909083,0.02474916343122613
2020,Arsenal,0.02433868048912071,0.1586229248043439
2020,Leicester,-0.010393482766821477,-0.17898341294662007
2020,Wolverhampton Wanderers,-0.29545951398490644,-0.3150021076881789
2021,Tottenham,0.08088585685351396,0.11749462838795613
2021,Crystal Palace,0.18152405204873434,0.4427509824431747
2021,Aston Villa,-0.22947195762822703,0.009876993616504745
2021,Manchester United,-0.13567661418159177,-0.24255147626444135
2021,Leeds,-0.27050578620219085,-0.18891160980349475
2021,Brighton,-0.07229664452472145,-0.10255151664342772
2021,Liverpool,0.21302293342784734,0.3254154965970284
2021,Southampton,-0.011638967086707322,-0.08281560953631839
2021,West Ham,-0.14296378753129385,-0.020531866487816984
2021,Burnley,0.02951024919652212,0.05725991442587819
2021,Chelsea,0.05366224180724555,0.00784670891007655
2021,Everton,-0.1654168944445121,-0.2054336294714858
2021,Manchester City,0.14190408075153832,0.05698991296647549
2021,Newcastle United,-0.0500069204452924,0.024202531766483237
2021,Arsenal,0.11288454891217678,-0.07356181463997602
2021,Leicester,-0.09145950366444319,-0.20515166671962037
2021,Wolverhampton Wanderers,0.01897679557769888,0.02924318453463565
2022,Tottenham,-0.1493005180940711,-0.17603454689694636
2022,Crystal Palace,-0.1794054348805031,-0.11729488436350372
2022,Aston Villa,0.04205650618332484,0.09235852877285744
2022,Manchester United,0.14388959668182677,0.20220575565010399
2022,Leeds,-0.03469956427827824,0.08813632218787126
2022,Brighton,0.4752272473772932,-0.026676946535767243
2022,Liverpool,-0.16741254921175036,-0.43576954281714875
2022,Southampton,-0.23955170154057864,0.06531345259792914
2022,West Ham,-0.226065313932922,0.025057158306350236
2022,Chelsea,-0.38862395910509684,-0.4171085907823948
2022,Everton,0.014782687367338676,0.04543730050394504
2022,Manchester City,-0.13007789730922859,-0.18923441087251675
2022,Newcastle United,0.4945029401000492,0.5125701334279129
2022,Arsenal,0.24365406770427325,0.11467338769172966
2022,Leicester,-0.16145542059743898,0.056200474333502476
2022,Wolverhampton Wanderers,-0.20022567311487577,-0.13392588726049948
2022,Brentford,0.08194691911179781,0.053740265259821014
2023,Bournemouth,0.25480086817399267,0.1562642764853471
2023,Crystal Palace,0.15818059987230154,-0.02913039974579678
2023,Tottenham,0.07048038309193028,-0.042199575853698774
2023,Aston Villa,0.20075549818995284,-0.14840635308932565
2023,Manchester United,-0.3125638400361216,-0.20867210702405298
2023,Fulham,-0.01178664543916283,0.13670571793137143
2023,Brighton,-0.3988746585462136,-0.07030819838854942
2023,Liverpool,-0.03602746768365023,0.2528441845789078
2023,West Ham,0.052677065435753845,-0.1951769063510673
2023,Nottingham Forest,0.1826518708487537,0.21920007085833124
2023,Chelsea,0.31628700787905684,-0.04916570767677869
2023,Everton,0.05156155078662619,0.2730077785907015
2023,Manchester City,-0.10059391601366102,0.05834420387923328
2023,Newcastle United,-0.01750790378116407,-0.36399130299648086
2023,Arsenal,-0.12501598365664196,0.48765240476550153
2023,Wolverhampton Wanderers,0.2552857460494037,-0.03224818934422802
2023,Brentford,-0.04727235689158791,-0.09149826359020867
2024,Bournemouth,0.14082472971691745,0.16211373449005817
2024,Crystal Palace,0.2056191626384446,-0.05135196189758578
2024,Tottenham,-0.07315154592541115,-0.10725040893246686
2024,Aston Villa,-0.05629745034938487,0.1287536346342197
2024,Manchester United,-0.029784685795415496,0.09828537483490157
2024,Fulham,0.0980678135885563,0.16405428887184464
2024,Brighton,0.15160792952481295,0.0012699331752652025
2024,Liverpool,0.051952761882565535,0.0358144797872863
2024,West Ham,-0.05572108348338761,0.043913999648903496
2024,Nottingham Forest,0.10088622584465848,0.04809539572766442
2024,Chelsea,-0.024363713899417744,0.17419067930370544
2024,Everton,-0.11414558495344612,0.01545933111086438
2024,Manchester City,-0.12073140384200023,-0.3761716648966422
2024,Newcastle United,-0.11357332177258095,0.10856017668138591
2024,Arsenal,-0.059002182583227175,-0.2742734536435823
2024,Wolverhampton Wanderers,0.05094465283740118,0.08937123667674665
2024,Brentford,0.12040765933272929,-0.04039741992961331
2025,Bournemouth,0.002043180001404382,-0.1109625359935796
2025,Crystal Palace,-0.1048823382982911,-0.007122474249297059
2025,Tottenham,-0.2428302126940597,0.15388729686237002
2025,Aston Villa,-0.020298165116451924,-0.06661586024879497
2025,Manchester United,0.33794293672065673,0.09676204605353445
2025,Fulham,-0.108030669439373,-0.18034191124469928
2025,Brighton,-0.08850788833269463,0.07659153633282878
2025,Liverpool,-0.22009765236316553,-0.2642485460363997
2025,West Ham,0.04057955282393563,-0.02952994377995971
2025,Nottingham Forest,-0.0530129780646586,-0.15599265019237832
2025,Chelsea,0.0008400428501742496,-0.19336099407284185
2025,Everton,0.13820465666809456,-0.151497046027664
2025,Manchester City,0.12859361900244418,0.08283569116192788
2025,Newcastle United,-0.1409062624907136,-0.09836966733463094
2025,Arsenal,0.08070713570114837,0.1040435968135755
2025,Wolverhampton Wanderers,-0.3329213464456391,-0.139337763490888
2025,Brentford,-0.050803757350770515,0.0718352666725072
