season,method,n,rps,ll,hit,draws_called,w,a,b
2019,model,380,0.19864631159614665,0.973222985329242,0.5342105263157895,0,,,
2019,market,380,0.19871482763862006,0.972590468932399,0.531578947368421,0,,,
2019,linear,380,0.19809163046632725,0.9705262767441666,0.5342105263157895,0,0.79,,
2019,loglin,380,0.1980037444092441,0.9713242890335275,0.5342105263157895,0,,0.5839039917822513,0.5872493564106821
2020,model,380,0.21362793981239372,1.0062943469762642,0.5263157894736842,0,,,
2020,market,380,0.213146939952863,1.0042126936570532,0.5157894736842106,0,,,
2020,linear,380,0.21249127838905119,1.0020986718050802,0.5184210526315789,0,0.6900000000000001,,
2020,loglin,380,0.21344696075014216,1.0053085425259747,0.5157894736842106,0,,0.5821453256346848,0.5563320603322914
2021,model,380,0.19458812250303203,0.9545452211785708,0.5710526315789474,0,,,
2021,market,380,0.18897059719224574,0.9359714254015704,0.5789473684210527,0,,,
2021,linear,380,0.1901032593500974,0.9400066598507375,0.5815789473684211,0,0.66,,
2021,loglin,380,0.1901382825131701,0.9399248366573991,0.5736842105263158,0,,0.5270959170762298,0.5611268491994029
2022,model,380,0.2034057135715976,0.9789023656779572,0.5263157894736842,0,,,
2022,market,380,0.1991190819343927,0.9658011480552079,0.5605263157894737,0,,,
2022,linear,380,0.19962141543283599,0.967255088729919,0.55,0,0.78,,
2022,loglin,380,0.20057253500077013,0.9701454880231773,0.5447368421052632,0,,0.3648437345725465,0.7137269674744411
2023,model,380,0.19032048362215817,0.9318731918510097,0.5815789473684211,0,,,
2023,market,380,0.18379008384450132,0.9092502625018827,0.5894736842105263,0,,,
2023,linear,380,0.18428774781355844,0.9110132776754085,0.5947368421052631,0,0.85,,
2023,loglin,380,0.18403369130498218,0.9108127871485088,0.5973684210526315,0,,0.22533338259771224,0.8093900453810495
2024,model,380,0.19620432474819308,0.9674219409195243,0.5342105263157895,0,,,
2024,market,380,0.1973850987933401,0.9705521250110707,0.5421052631578948,0,,,
2024,linear,380,0.1970854089866153,0.9696415163144411,0.5394736842105263,0,0.93,,
2024,loglin,380,0.19700689459897952,0.9703895865299182,0.5421052631578948,0,,0.14534011898837038,0.9007548318233558
2025,model,380,0.20803769735300823,1.0252124938375304,0.49473684210526314,0,,,
2025,market,380,0.20527952612094075,1.0152523829672504,0.49473684210526314,0,,,
2025,linear,380,0.20521206737333736,1.0153940524587686,0.4921052631578947,0,0.86,,
2025,loglin,380,0.2057175827176014,1.017649955429273,0.49473684210526314,0,,0.2536132593878261,0.822650138163618
