gw,element,model,fpl,recorded
6,1,3.302,7.500,2026-10-09T20:24:56+00:00
6,2,0.318,0.000,2026-10-09T20:24:56+00:00
6,3,0.000,0.000,2026-10-09T20:24:56+00:00
6,4,5.149,5.000,2026-10-09T20:24:56+00:00
6,5,0.602,0.500,2026-10-09T20:24:56+00:00
6,6,0.000,0.000,2026-10-09T20:24:56+00:00
6,7,1.919,0.500,2026-10-09T20:24:56+00:00
6,8,4.494,3.500,2026-10-09T20:24:56+00:00
6,9,0.786,0.000,2026-10-09T20:24:56+00:00
6,10,2.052,0.500,2026-10-09T20:24:56+00:00
6,11,1.726,0.000,2026-10-09T20:24:56+00:00
6,12,5.527,5.000,2026-10-09T20:24:56+00:00
6,13,2.842,2.600,2026-10-09T20:24:56+00:00
6,14,1.451,1.000,2026-10-09T20:24:56+00:00
6,15,3.950,2.500,2026-10-09T20:24:56+00:00
6,16,0.740,0.000,2026-10-09T20:24:56+00:00
6,17,1.127,1.000,2026-10-09T20:24:56+00:00
6,18,0.000,0.000,2026-10-09T20:24:56+00:00
6,19,1.333,1.000,2026-10-09T20:24:56+00:00
6,20,0.601,0.500,2026-10-09T20:24:56+00:00
6,21,0.000,0.000,2026-10-09T20:24:56+00:00
6,22,0.000,0.000,2026-10-09T20:24:56+00:00
6,23,0.000,0.000,2026-10-09T20:24:56+00:00
6,24,0.000,0.000,2026-10-09T20:24:56+00:00
6,25,1.079,0.500,2026-10-09T20:24:56+00:00
6,26,3.149,1.100,2026-10-09T20:24:56+00:00
6,27,0.000,0.000,2026-10-09T20:24:56+00:00
6,28,3.133,2.000,2026-10-09T20:24:56+00:00
6,29,0.498,0.000,2026-10-09T20:24:56+00:00
6,30,0.000,0.000,2026-10-09T20:24:56+00:00
6,31,2.275,2.600,2026-10-09T20:24:56+00:00
6,32,1.552,-0.500,2026-10-09T20:24:56+00:00
6,33,2.568,1.500,2026-10-09T20:24:56+00:00
6,34,0.977,0.400,2026-10-09T20:24:56+00:00
6,35,0.430,0.000,2026-10-09T20:24:56+00:00
6,36,0.000,0.000,2026-10-09T20:24:56+00:00
6,37,3.057,1.000,2026-10-09T20:24:56+00:00
6,38,0.000,0.000,2026-10-09T20:24:56+00:00
6,39,0.000,0.000,2026-10-09T20:24:56+00:00
6,40,4.045,5.000,2026-10-09T20:24:56+00:00
6,41,4.238,7.000,2026-10-09T20:24:56+00:00
6,42,0.521,0.000,2026-10-09T20:24:56+00:00
6,43,3.591,3.000,2026-10-09T20:24:56+00:00
6,44,0.000,0.000,2026-10-09T20:24:56+00:00
6,45,3.404,6.000,2026-10-09T20:24:56+00:00
6,46,3.277,1.500,2026-10-09T20:24:56+00:00
6,47,2.710,4.000,2026-10-09T20:24:56+00:00
6,48,0.000,0.000,2026-10-09T20:24:56+00:00
6,49,0.000,0.000,2026-10-09T20:24:56+00:00
6,50,0.000,0.000,2026-10-09T20:24:56+00:00
6,51,0.000,1.000,2026-10-09T20:24:56+00:00
6,52,0.000,2.200,2026-10-09T20:24:56+00:00
6,53,1.763,7.000,2026-10-09T20:24:56+00:00
6,54,1.564,2.000,2026-10-09T20:24:56+00:00
6,55,0.000,0.000,2026-10-09T20:24:56+00:00
6,56,1.044,1.000,2026-10-09T20:24:56+00:00
6,57,2.756,1.500,2026-10-09T20:24:56+00:00
6,58,0.000,0.000,2026-10-09T20:24:56+00:00
6,59,0.000,0.000,2026-10-09T20:24:56+00:00
6,60,3.587,3.000,2026-10-09T20:24:56+00:00
6,61,3.452,2.500,2026-10-09T20:24:56+00:00
6,62,0.000,0.000,2026-10-09T20:24:56+00:00
6,63,0.000,0.000,2026-10-09T20:24:56+00:00
6,64,2.192,1.000,2026-10-09T20:24:56+00:00
6,65,0.000,0.000,2026-10-09T20:24:56+00:00
6,66,0.000,0.000,2026-10-09T20:24:56+00:00
6,67,4.161,2.000,2026-10-09T20:24:56+00:00
6,68,4.401,5.000,2026-10-09T20:24:56+00:00
6,69,0.000,0.000,2026-10-09T20:24:56+00:00
6,70,0.000,0.000,2026-10-09T20:24:56+00:00
6,71,1.357,0.500,2026-10-09T20:24:56+00:00
6,72,0.000,1.000,2026-10-09T20:24:56+00:00
6,73,2.800,3.000,2026-10-09T20:24:56+00:00
6,74,0.901,0.500,2026-10-09T20:24:56+00:00
6,75,1.445,1.500,2026-10-09T20:24:56+00:00
6,76,0.000,0.500,2026-10-09T20:24:56+00:00
6,77,0.000,0.000,2026-10-09T20:24:56+00:00
6,78,0.000,0.000,2026-10-09T20:24:56+00:00
6,79,3.689,3.500,2026-10-09T20:24:56+00:00
6,80,0.000,0.000,2026-10-09T20:24:56+00:00
6,81,0.426,0.500,2026-10-09T20:24:56+00:00
6,82,3.776,4.500,2026-10-09T20:24:56+00:00
6,83,0.000,0.000,2026-10-09T20:24:56+00:00
6,84,0.000,0.000,2026-10-09T20:24:56+00:00
6,85,0.000,0.000,2026-10-09T20:24:56+00:00
6,86,3.425,2.000,2026-10-09T20:24:56+00:00
6,87,2.993,4.000,2026-10-09T20:24:56+00:00
6,88,2.365,3.500,2026-10-09T20:24:56+00:00
6,89,0.125,0.000,2026-10-09T20:24:56+00:00
6,90,1.445,1.000,2026-10-09T20:24:56+00:00
6,91,2.215,5.000,2026-10-09T20:24:56+00:00
6,92,0.000,0.000,2026-10-09T20:24:56+00:00
6,93,3.260,8.500,2026-10-09T20:24:56+00:00
6,94,4.340,12.000,2026-10-09T20:24:56+00:00
6,95,2.409,1.000,2026-10-09T20:24:56+00:00
6,96,2.293,1.500,2026-10-09T20:24:56+00:00
6,97,1.185,0.000,2026-10-09T20:24:56+00:00
6,98,3.578,3.500,2026-10-09T20:24:56+00:00
6,99,0.000,0.000,2026-10-09T20:24:56+00:00
6,100,0.229,3.000,2026-10-09T20:24:56+00:00
6,101,0.896,1.000,2026-10-09T20:24:56+00:00
6,102,1.711,3.500,2026-10-09T20:24:56+00:00
6,103,0.000,0.000,2026-10-09T20:24:56+00:00
6,104,0.000,2.500,2026-10-09T20:24:56+00:00
6,105,3.354,5.500,2026-10-09T20:24:56+00:00
6,106,4.820,3.000,2026-10-09T20:24:56+00:00
6,107,0.000,0.000,2026-10-09T20:24:56+00:00
6,108,1.205,0.000,2026-10-09T20:24:56+00:00
6,109,3.225,7.000,2026-10-09T20:24:56+00:00
6,110,2.242,5.500,2026-10-09T20:24:56+00:00
6,111,0.000,0.000,2026-10-09T20:24:56+00:00
6,112,2.998,7.000,2026-10-09T20:24:56+00:00
6,113,2.892,5.500,2026-10-09T20:24:56+00:00
6,114,2.482,6.000,2026-10-09T20:24:56+00:00
6,115,3.989,8.500,2026-10-09T20:24:56+00:00
6,116,2.629,6.000,2026-10-09T20:24:56+00:00
6,117,0.000,0.000,2026-10-09T20:24:56+00:00
6,118,0.000,0.000,2026-10-09T20:24:56+00:00
6,119,0.861,1.000,2026-10-09T20:24:56+00:00
6,120,0.277,0.500,2026-10-09T20:24:56+00:00
6,121,0.088,0.000,2026-10-09T20:24:56+00:00
6,122,0.000,0.000,2026-10-09T20:24:56+00:00
6,123,0.723,0.000,2026-10-09T20:24:56+00:00
6,124,3.907,15.500,2026-10-09T20:24:56+00:00
6,125,1.010,0.500,2026-10-09T20:24:56+00:00
6,126,0.440,1.000,2026-10-09T20:24:56+00:00
6,127,3.642,5.500,2026-10-09T20:24:56+00:00
6,128,0.000,0.000,2026-10-09T20:24:56+00:00
6,129,2.397,5.500,2026-10-09T20:24:56+00:00
6,130,0.000,0.000,2026-10-09T20:24:56+00:00
6,131,0.599,0.000,2026-10-09T20:24:56+00:00
6,132,0.000,0.000,2026-10-09T20:24:56+00:00
6,133,0.000,0.000,2026-10-09T20:24:56+00:00
6,134,0.000,0.000,2026-10-09T20:24:56+00:00
6,135,0.159,0.000,2026-10-09T20:24:56+00:00
6,136,2.176,1.500,2026-10-09T20:24:56+00:00
6,137,0.000,0.000,2026-10-09T20:24:56+00:00
6,138,3.153,10.000,2026-10-09T20:24:56+00:00
6,139,0.000,0.000,2026-10-09T20:24:56+00:00
6,140,0.000,0.000,2026-10-09T20:24:56+00:00
6,141,0.000,0.000,2026-10-09T20:24:56+00:00
6,142,1.734,0.500,2026-10-09T20:24:56+00:00
6,143,0.000,0.000,2026-10-09T20:24:56+00:00
6,144,1.995,0.500,2026-10-09T20:24:56+00:00
6,145,3.064,2.500,2026-10-09T20:24:56+00:00
6,146,0.000,0.000,2026-10-09T20:24:56+00:00
6,147,0.174,0.500,2026-10-09T20:24:56+00:00
6,148,1.583,0.000,2026-10-09T20:24:56+00:00
6,149,2.367,1.000,2026-10-09T20:24:56+00:00
6,150,0.000,0.000,2026-10-09T20:24:56+00:00
6,151,1.518,0.000,2026-10-09T20:24:56+00:00
6,152,0.000,0.000,2026-10-09T20:24:56+00:00
6,153,0.000,0.000,2026-10-09T20:24:56+00:00
6,154,5.020,3.500,2026-10-09T20:24:56+00:00
6,155,3.266,4.500,2026-10-09T20:24:56+00:00
6,156,3.525,2.000,2026-10-09T20:24:56+00:00
6,157,0.723,1.000,2026-10-09T20:24:56+00:00
6,158,0.000,0.000,2026-10-09T20:24:56+00:00
6,159,0.904,0.000,2026-10-09T20:24:56+00:00
6,160,0.545,0.000,2026-10-09T20:24:56+00:00
6,161,1.709,1.000,2026-10-09T20:24:56+00:00
6,162,1.216,0.000,2026-10-09T20:24:56+00:00
6,163,0.000,0.000,2026-10-09T20:24:56+00:00
6,164,0.501,0.500,2026-10-09T20:24:56+00:00
6,165,3.245,6.000,2026-10-09T20:24:56+00:00
6,166,0.000,3.000,2026-10-09T20:24:56+00:00
6,167,2.141,3.000,2026-10-09T20:24:56+00:00
6,168,0.000,0.000,2026-10-09T20:24:56+00:00
6,169,0.000,0.000,2026-10-09T20:24:56+00:00
6,170,0.000,0.000,2026-10-09T20:24:56+00:00
6,171,0.000,0.000,2026-10-09T20:24:56+00:00
6,172,0.000,0.000,2026-10-09T20:24:56+00:00
6,173,4.345,4.500,2026-10-09T20:24:56+00:00
6,174,0.000,0.000,2026-10-09T20:24:56+00:00
6,175,1.746,0.000,2026-10-09T20:24:56+00:00
6,176,3.621,7.500,2026-10-09T20:24:56+00:00
6,177,0.000,0.000,2026-10-09T20:24:56+00:00
6,178,0.000,0.000,2026-10-09T20:24:56+00:00
6,179,0.275,0.500,2026-10-09T20:24:56+00:00
6,180,0.000,0.000,2026-10-09T20:24:56+00:00
6,181,0.000,0.000,2026-10-09T20:24:56+00:00
6,182,0.000,0.000,2026-10-09T20:24:56+00:00
6,183,4.034,3.500,2026-10-09T20:24:56+00:00
6,184,3.059,2.500,2026-10-09T20:24:56+00:00
6,185,0.216,0.000,2026-10-09T20:24:56+00:00
6,186,1.743,1.000,2026-10-09T20:24:56+00:00
6,187,0.000,0.000,2026-10-09T20:24:56+00:00
6,188,0.641,0.500,2026-10-09T20:24:56+00:00
6,189,0.000,0.000,2026-10-09T20:24:56+00:00
6,190,1.908,0.500,2026-10-09T20:24:56+00:00
6,191,0.000,0.000,2026-10-09T20:24:56+00:00
6,192,0.000,0.000,2026-10-09T20:24:56+00:00
6,193,0.000,0.000,2026-10-09T20:24:56+00:00
6,194,2.333,2.500,2026-10-09T20:24:56+00:00
6,195,1.135,0.500,2026-10-09T20:24:56+00:00
6,196,0.000,0.000,2026-10-09T20:24:56+00:00
6,197,0.000,0.000,2026-10-09T20:24:56+00:00
6,198,0.000,0.000,2026-10-09T20:24:56+00:00
6,199,1.138,4.000,2026-10-09T20:24:56+00:00
6,200,3.188,2.000,2026-10-09T20:24:56+00:00
6,201,2.739,2.000,2026-10-09T20:24:56+00:00
6,202,3.124,5.000,2026-10-09T20:24:56+00:00
6,203,3.007,4.000,2026-10-09T20:24:56+00:00
6,204,3.556,4.000,2026-10-09T20:24:56+00:00
6,205,0.000,0.000,2026-10-09T20:24:56+00:00
6,206,0.000,0.000,2026-10-09T20:24:56+00:00
6,207,0.362,0.000,2026-10-09T20:24:56+00:00
6,208,0.921,0.500,2026-10-09T20:24:56+00:00
6,209,2.119,3.000,2026-10-09T20:24:56+00:00
6,210,3.194,2.000,2026-10-09T20:24:56+00:00
6,211,2.906,1.500,2026-10-09T20:24:56+00:00
6,212,0.775,0.500,2026-10-09T20:24:56+00:00
6,213,0.960,0.500,2026-10-09T20:24:56+00:00
6,214,3.152,5.500,2026-10-09T20:24:56+00:00
6,215,0.000,0.000,2026-10-09T20:24:56+00:00
6,216,0.000,0.000,2026-10-09T20:24:56+00:00
6,217,0.000,0.000,2026-10-09T20:24:56+00:00
6,218,0.000,0.000,2026-10-09T20:24:56+00:00
6,219,0.000,0.000,2026-10-09T20:24:56+00:00
6,220,0.000,0.000,2026-10-09T20:24:56+00:00
6,221,0.000,0.000,2026-10-09T20:24:56+00:00
6,222,2.808,5.000,2026-10-09T20:24:56+00:00
6,223,0.000,0.000,2026-10-09T20:24:56+00:00
6,224,1.491,0.500,2026-10-09T20:24:56+00:00
6,225,0.000,0.000,2026-10-09T20:24:56+00:00
6,226,3.442,7.000,2026-10-09T20:24:56+00:00
6,227,0.000,0.000,2026-10-09T20:24:56+00:00
6,228,0.000,0.000,2026-10-09T20:24:56+00:00
6,229,4.534,11.000,2026-10-09T20:24:56+00:00
6,230,3.272,7.000,2026-10-09T20:24:56+00:00
6,231,1.037,0.000,2026-10-09T20:24:56+00:00
6,232,1.045,1.000,2026-10-09T20:24:56+00:00
6,233,2.537,6.000,2026-10-09T20:24:56+00:00
6,234,0.000,0.000,2026-10-09T20:24:56+00:00
6,235,0.000,0.000,2026-10-09T20:24:56+00:00
6,236,3.907,2.500,2026-10-09T20:24:56+00:00
6,237,3.962,3.000,2026-10-09T20:24:56+00:00
6,238,1.295,2.000,2026-10-09T20:24:56+00:00
6,239,3.146,3.500,2026-10-09T20:24:56+00:00
6,240,1.216,0.500,2026-10-09T20:24:56+00:00
6,241,0.588,0.000,2026-10-09T20:24:56+00:00
6,242,2.533,2.000,2026-10-09T20:24:56+00:00
6,243,0.274,0.000,2026-10-09T20:24:56+00:00
6,244,2.381,2.500,2026-10-09T20:24:56+00:00
6,245,0.266,0.500,2026-10-09T20:24:56+00:00
6,246,0.883,0.000,2026-10-09T20:24:56+00:00
6,247,1.392,1.000,2026-10-09T20:24:56+00:00
6,248,0.000,0.000,2026-10-09T20:24:56+00:00
6,249,3.867,4.000,2026-10-09T20:24:56+00:00
6,250,3.404,6.000,2026-10-09T20:24:56+00:00
6,251,0.000,0.000,2026-10-09T20:24:56+00:00
6,252,0.000,0.000,2026-10-09T20:24:56+00:00
6,253,1.298,0.500,2026-10-09T20:24:56+00:00
6,254,2.740,3.000,2026-10-09T20:24:56+00:00
6,255,0.467,0.000,2026-10-09T20:24:56+00:00
6,256,0.004,0.000,2026-10-09T20:24:56+00:00
6,257,3.328,6.000,2026-10-09T20:24:56+00:00
6,258,3.559,3.500,2026-10-09T20:24:56+00:00
6,259,3.339,2.500,2026-10-09T20:24:56+00:00
6,260,0.867,0.400,2026-10-09T20:24:56+00:00
6,261,3.520,4.000,2026-10-09T20:24:56+00:00
6,262,1.263,0.500,2026-10-09T20:24:56+00:00
6,263,1.118,1.000,2026-10-09T20:24:56+00:00
6,264,3.390,3.000,2026-10-09T20:24:56+00:00
6,265,2.582,3.000,2026-10-09T20:24:56+00:00
6,266,0.000,0.000,2026-10-09T20:24:56+00:00
6,267,2.828,1.500,2026-10-09T20:24:56+00:00
6,268,3.460,2.500,2026-10-09T20:24:56+00:00
6,269,0.432,0.000,2026-10-09T20:24:56+00:00
6,270,0.000,0.000,2026-10-09T20:24:56+00:00
6,271,1.487,0.500,2026-10-09T20:24:56+00:00
6,272,0.000,0.000,2026-10-09T20:24:56+00:00
6,273,0.000,0.000,2026-10-09T20:24:56+00:00
6,274,0.000,0.000,2026-10-09T20:24:56+00:00
6,275,0.000,0.000,2026-10-09T20:24:56+00:00
6,276,0.000,0.000,2026-10-09T20:24:56+00:00
6,277,4.249,1.500,2026-10-09T20:24:56+00:00
6,278,0.000,0.000,2026-10-09T20:24:56+00:00
6,279,4.269,1.000,2026-10-09T20:24:56+00:00
6,280,3.226,1.000,2026-10-09T20:24:56+00:00
6,281,0.000,0.000,2026-10-09T20:24:56+00:00
6,282,3.985,2.000,2026-10-09T20:24:56+00:00
6,283,0.000,0.000,2026-10-09T20:24:56+00:00
6,284,0.000,0.000,2026-10-09T20:24:56+00:00
6,285,0.146,0.000,2026-10-09T20:24:56+00:00
6,286,3.473,8.500,2026-10-09T20:24:56+00:00
6,287,0.000,0.000,2026-10-09T20:24:56+00:00
6,288,0.000,0.000,2026-10-09T20:24:56+00:00
6,289,0.902,0.500,2026-10-09T20:24:56+00:00
6,290,3.353,2.000,2026-10-09T20:24:56+00:00
6,291,0.000,0.000,2026-10-09T20:24:56+00:00
6,292,0.000,0.000,2026-10-09T20:24:56+00:00
6,293,0.000,0.000,2026-10-09T20:24:56+00:00
6,294,0.000,0.000,2026-10-09T20:24:56+00:00
6,295,3.413,2.500,2026-10-09T20:24:56+00:00
6,296,0.000,0.000,2026-10-09T20:24:56+00:00
6,297,0.000,0.000,2026-10-09T20:24:56+00:00
6,298,0.000,0.000,2026-10-09T20:24:56+00:00
6,299,0.000,0.000,2026-10-09T20:24:56+00:00
6,300,0.626,1.000,2026-10-09T20:24:56+00:00
6,301,0.000,0.000,2026-10-09T20:24:56+00:00
6,302,0.000,0.000,2026-10-09T20:24:56+00:00
6,303,0.000,0.000,2026-10-09T20:24:56+00:00
6,304,3.491,1.500,2026-10-09T20:24:56+00:00
6,305,4.680,8.000,2026-10-09T20:24:56+00:00
6,306,2.180,0.500,2026-10-09T20:24:56+00:00
6,307,0.000,0.000,2026-10-09T20:24:56+00:00
6,308,0.165,0.000,2026-10-09T20:24:56+00:00
6,309,1.077,0.000,2026-10-09T20:24:56+00:00
6,310,0.000,0.000,2026-10-09T20:24:56+00:00
6,311,0.000,0.000,2026-10-09T20:24:56+00:00
6,312,0.000,0.000,2026-10-09T20:24:56+00:00
6,313,1.914,1.500,2026-10-09T20:24:56+00:00
6,314,0.000,0.000,2026-10-09T20:24:56+00:00
6,315,0.000,0.000,2026-10-09T20:24:56+00:00
6,316,3.743,7.000,2026-10-09T20:24:56+00:00
6,317,0.000,0.000,2026-10-09T20:24:56+00:00
6,318,0.658,1.000,2026-10-09T20:24:56+00:00
6,319,0.000,0.000,2026-10-09T20:24:56+00:00
6,320,0.895,0.500,2026-10-09T20:24:56+00:00
6,321,0.165,0.000,2026-10-09T20:24:56+00:00
6,322,0.000,0.000,2026-10-09T20:24:56+00:00
6,323,0.571,0.000,2026-10-09T20:24:56+00:00
6,324,0.000,0.000,2026-10-09T20:24:56+00:00
6,325,0.602,0.000,2026-10-09T20:24:56+00:00
6,326,0.000,0.000,2026-10-09T20:24:56+00:00
6,327,1.284,0.000,2026-10-09T20:24:56+00:00
6,328,1.053,2.200,2026-10-09T20:24:56+00:00
6,329,0.000,0.000,2026-10-09T20:24:56+00:00
6,330,2.111,10.000,2026-10-09T20:24:56+00:00
6,331,1.404,6.000,2026-10-09T20:24:56+00:00
6,332,3.276,5.000,2026-10-09T20:24:56+00:00
6,333,0.000,0.000,2026-10-09T20:24:56+00:00
6,334,3.549,6.500,2026-10-09T20:24:56+00:00
6,335,3.649,4.000,2026-10-09T20:24:56+00:00
6,336,2.196,6.000,2026-10-09T20:24:56+00:00
6,337,1.716,1.000,2026-10-09T20:24:56+00:00
6,338,3.453,6.000,2026-10-09T20:24:56+00:00
6,339,0.461,0.500,2026-10-09T20:24:56+00:00
6,340,0.000,0.500,2026-10-09T20:24:56+00:00
6,341,0.000,0.000,2026-10-09T20:24:56+00:00
6,342,0.000,0.000,2026-10-09T20:24:56+00:00
6,343,0.000,0.000,2026-10-09T20:24:56+00:00
6,344,0.000,0.000,2026-10-09T20:24:56+00:00
6,345,2.316,4.000,2026-10-09T20:24:56+00:00
6,346,3.236,6.000,2026-10-09T20:24:56+00:00
6,347,1.571,1.000,2026-10-09T20:24:56+00:00
6,348,0.000,0.000,2026-10-09T20:24:56+00:00
6,349,0.000,0.000,2026-10-09T20:24:56+00:00
6,350,2.481,8.500,2026-10-09T20:24:56+00:00
6,351,0.381,0.000,2026-10-09T20:24:56+00:00
6,352,0.000,0.000,2026-10-09T20:24:56+00:00
6,353,0.000,0.000,2026-10-09T20:24:56+00:00
6,354,0.000,0.000,2026-10-09T20:24:56+00:00
6,355,0.000,0.000,2026-10-09T20:24:56+00:00
6,356,3.947,8.000,2026-10-09T20:24:56+00:00
6,357,1.270,0.500,2026-10-09T20:24:56+00:00
6,358,2.274,3.500,2026-10-09T20:24:56+00:00
6,359,0.273,0.000,2026-10-09T20:24:56+00:00
6,360,0.000,0.000,2026-10-09T20:24:56+00:00
6,361,0.000,0.000,2026-10-09T20:24:56+00:00
6,362,3.026,7.500,2026-10-09T20:24:56+00:00
6,363,0.000,0.000,2026-10-09T20:24:56+00:00
6,364,0.000,0.500,2026-10-09T20:24:56+00:00
6,365,0.000,0.000,2026-10-09T20:24:56+00:00
6,366,3.484,4.500,2026-10-09T20:24:56+00:00
6,367,0.000,0.000,2026-10-09T20:24:56+00:00
6,368,4.430,2.500,2026-10-09T20:24:56+00:00
6,369,1.733,0.500,2026-10-09T20:24:56+00:00
6,370,0.052,0.000,2026-10-09T20:24:56+00:00
6,371,1.827,1.000,2026-10-09T20:24:56+00:00
6,372,2.690,3.000,2026-10-09T20:24:56+00:00
6,373,0.000,0.000,2026-10-09T20:24:56+00:00
6,374,0.000,0.000,2026-10-09T20:24:56+00:00
6,375,0.000,0.500,2026-10-09T20:24:56+00:00
6,376,0.000,0.000,2026-10-09T20:24:56+00:00
6,377,2.159,1.000,2026-10-09T20:24:56+00:00
6,378,0.000,0.000,2026-10-09T20:24:56+00:00
6,379,0.000,0.000,2026-10-09T20:24:56+00:00
6,380,0.000,0.000,2026-10-09T20:24:56+00:00
6,381,0.676,0.500,2026-10-09T20:24:56+00:00
6,382,0.000,0.000,2026-10-09T20:24:56+00:00
6,383,0.000,0.000,2026-10-09T20:24:56+00:00
6,384,2.760,4.500,2026-10-09T20:24:56+00:00
6,385,3.215,6.500,2026-10-09T20:24:56+00:00
6,386,0.000,0.000,2026-10-09T20:24:56+00:00
6,387,1.199,0.800,2026-10-09T20:24:56+00:00
6,388,3.422,5.000,2026-10-09T20:24:56+00:00
6,389,1.576,5.000,2026-10-09T20:24:56+00:00
6,390,2.514,3.500,2026-10-09T20:24:56+00:00
6,391,2.623,7.500,2026-10-09T20:24:56+00:00
6,392,0.309,0.000,2026-10-09T20:24:56+00:00
6,393,1.500,0.000,2026-10-09T20:24:56+00:00
6,394,0.000,0.000,2026-10-09T20:24:56+00:00
6,395,0.421,0.000,2026-10-09T20:24:56+00:00
6,396,0.000,0.000,2026-10-09T20:24:56+00:00
6,397,2.930,7.500,2026-10-09T20:24:56+00:00
6,398,0.000,0.000,2026-10-09T20:24:56+00:00
6,399,3.043,4.500,2026-10-09T20:24:56+00:00
6,400,0.778,0.500,2026-10-09T20:24:56+00:00
6,401,2.623,2.000,2026-10-09T20:24:56+00:00
6,402,0.000,0.000,2026-10-09T20:24:56+00:00
6,403,2.692,2.500,2026-10-09T20:24:56+00:00
6,404,0.000,0.000,2026-10-09T20:24:56+00:00
6,405,1.286,0.500,2026-10-09T20:24:56+00:00
6,406,0.000,0.000,2026-10-09T20:24:56+00:00
6,407,0.000,0.000,2026-10-09T20:24:56+00:00
6,408,0.000,0.000,2026-10-09T20:24:56+00:00
6,409,0.000,0.000,2026-10-09T20:24:56+00:00
6,410,0.000,0.000,2026-10-09T20:24:56+00:00
6,411,4.761,7.500,2026-10-09T20:24:56+00:00
6,412,3.743,3.000,2026-10-09T20:24:56+00:00
6,413,0.000,0.000,2026-10-09T20:24:56+00:00
6,414,0.000,0.000,2026-10-09T20:24:56+00:00
6,415,0.000,0.000,2026-10-09T20:24:56+00:00
6,416,0.000,0.000,2026-10-09T20:24:56+00:00
6,417,3.235,2.000,2026-10-09T20:24:56+00:00
6,418,4.184,1.500,2026-10-09T20:24:56+00:00
6,419,3.700,1.000,2026-10-09T20:24:56+00:00
6,420,0.376,0.000,2026-10-09T20:24:56+00:00
6,421,0.474,0.000,2026-10-09T20:24:56+00:00
6,422,0.983,0.000,2026-10-09T20:24:56+00:00
6,423,2.980,1.000,2026-10-09T20:24:56+00:00
6,424,0.000,0.000,2026-10-09T20:24:56+00:00
6,425,0.000,0.000,2026-10-09T20:24:56+00:00
6,426,6.664,2.000,2026-10-09T20:24:56+00:00
6,427,5.357,2.000,2026-10-09T20:24:56+00:00
6,428,4.008,6.000,2026-10-09T20:24:56+00:00
6,429,0.000,1.500,2026-10-09T20:24:56+00:00
6,430,0.868,0.500,2026-10-09T20:24:56+00:00
6,431,0.000,0.000,2026-10-09T20:24:56+00:00
6,432,2.713,3.000,2026-10-09T20:24:56+00:00
6,433,0.000,0.000,2026-10-09T20:24:56+00:00
6,434,0.000,0.000,2026-10-09T20:24:56+00:00
6,435,0.000,0.000,2026-10-09T20:24:56+00:00
6,436,0.000,0.000,2026-10-09T20:24:56+00:00
6,437,0.000,0.000,2026-10-09T20:24:56+00:00
6,438,0.000,0.000,2026-10-09T20:24:56+00:00
6,439,0.000,0.000,2026-10-09T20:24:56+00:00
6,440,0.987,1.000,2026-10-09T20:24:56+00:00
6,441,0.000,0.000,2026-10-09T20:24:56+00:00
6,442,1.590,0.000,2026-10-09T20:24:56+00:00
6,443,0.000,0.000,2026-10-09T20:24:56+00:00
6,444,0.000,0.000,2026-10-09T20:24:56+00:00
6,445,4.814,3.000,2026-10-09T20:24:56+00:00
6,446,0.327,0.500,2026-10-09T20:24:56+00:00
6,447,4.599,3.000,2026-10-09T20:24:56+00:00
6,448,0.730,0.000,2026-10-09T20:24:56+00:00
6,449,4.491,6.500,2026-10-09T20:24:56+00:00
6,450,0.075,0.800,2026-10-09T20:24:56+00:00
6,451,0.000,0.000,2026-10-09T20:24:56+00:00
6,452,1.931,4.000,2026-10-09T20:24:56+00:00
6,453,4.154,5.500,2026-10-09T20:24:56+00:00
6,454,0.000,0.000,2026-10-09T20:24:56+00:00
6,455,2.696,2.500,2026-10-09T20:24:56+00:00
6,456,0.000,0.000,2026-10-09T20:24:56+00:00
6,457,1.631,0.500,2026-10-09T20:24:56+00:00
6,458,0.185,0.000,2026-10-09T20:24:56+00:00
6,459,2.094,1.500,2026-10-09T20:24:56+00:00
6,460,2.935,5.500,2026-10-09T20:24:56+00:00
6,461,0.829,3.500,2026-10-09T20:24:56+00:00
6,462,2.575,2.500,2026-10-09T20:24:56+00:00
6,463,0.000,0.000,2026-10-09T20:24:56+00:00
6,464,3.721,1.000,2026-10-09T20:24:56+00:00
6,465,0.635,0.000,2026-10-09T20:24:56+00:00
6,466,0.000,0.000,2026-10-09T20:24:56+00:00
6,467,3.281,2.500,2026-10-09T20:24:56+00:00
6,468,0.000,0.000,2026-10-09T20:24:56+00:00
6,469,1.941,1.000,2026-10-09T20:24:56+00:00
6,470,0.000,0.000,2026-10-09T20:24:56+00:00
6,471,0.000,0.000,2026-10-09T20:24:56+00:00
6,472,2.953,5.000,2026-10-09T20:24:56+00:00
6,473,1.249,1.000,2026-10-09T20:24:56+00:00
6,474,2.476,0.500,2026-10-09T20:24:56+00:00
6,475,0.000,0.000,2026-10-09T20:24:56+00:00
6,476,0.000,0.000,2026-10-09T20:24:56+00:00
6,477,0.000,0.000,2026-10-09T20:24:56+00:00
6,478,1.023,0.500,2026-10-09T20:24:56+00:00
6,479,0.000,0.000,2026-10-09T20:24:56+00:00
6,480,4.721,5.000,2026-10-09T20:24:56+00:00
6,481,4.329,3.500,2026-10-09T20:24:56+00:00
6,482,0.128,0.000,2026-10-09T20:24:56+00:00
6,483,2.318,1.000,2026-10-09T20:24:56+00:00
6,484,0.000,0.000,2026-10-09T20:24:56+00:00
6,485,0.000,0.000,2026-10-09T20:24:56+00:00
6,486,2.813,2.500,2026-10-09T20:24:56+00:00
6,487,0.581,0.000,2026-10-09T20:24:56+00:00
6,488,1.182,1.000,2026-10-09T20:24:56+00:00
6,489,0.146,0.000,2026-10-09T20:24:56+00:00
6,490,1.461,1.000,2026-10-09T20:24:56+00:00
6,491,0.000,0.000,2026-10-09T20:24:56+00:00
6,492,0.000,0.000,2026-10-09T20:24:56+00:00
6,493,0.000,0.000,2026-10-09T20:24:56+00:00
6,494,0.000,0.000,2026-10-09T20:24:56+00:00
6,495,0.000,0.000,2026-10-09T20:24:56+00:00
6,496,2.628,4.500,2026-10-09T20:24:56+00:00
6,497,0.000,0.000,2026-10-09T20:24:56+00:00
6,498,1.245,0.000,2026-10-09T20:24:56+00:00
6,499,0.000,0.000,2026-10-09T20:24:56+00:00
6,500,0.000,0.000,2026-10-09T20:24:56+00:00
6,501,2.797,0.500,2026-10-09T20:24:56+00:00
6,502,2.255,5.500,2026-10-09T20:24:56+00:00
6,503,2.204,3.500,2026-10-09T20:24:56+00:00
6,504,0.000,7.000,2026-10-09T20:24:56+00:00
6,505,0.000,0.000,2026-10-09T20:24:56+00:00
6,506,0.949,0.000,2026-10-09T20:24:56+00:00
6,507,0.000,0.000,2026-10-09T20:24:56+00:00
6,508,0.000,0.000,2026-10-09T20:24:56+00:00
6,509,0.000,0.000,2026-10-09T20:24:56+00:00
6,510,0.000,0.000,2026-10-09T20:24:56+00:00
6,511,0.000,0.000,2026-10-09T20:24:56+00:00
6,512,0.955,2.500,2026-10-09T20:24:56+00:00
6,513,0.000,0.000,2026-10-09T20:24:56+00:00
6,514,2.331,0.500,2026-10-09T20:24:56+00:00
6,515,0.000,1.000,2026-10-09T20:24:56+00:00
6,516,3.338,3.500,2026-10-09T20:24:56+00:00
6,517,0.000,0.000,2026-10-09T20:24:56+00:00
6,518,0.000,0.000,2026-10-09T20:24:56+00:00
6,519,1.492,3.000,2026-10-09T20:24:56+00:00
6,520,0.654,1.000,2026-10-09T20:24:56+00:00
6,521,0.000,0.000,2026-10-09T20:24:56+00:00
6,522,1.952,2.500,2026-10-09T20:24:56+00:00
6,523,0.000,0.000,2026-10-09T20:24:56+00:00
6,524,0.000,0.000,2026-10-09T20:24:56+00:00
6,525,2.331,2.000,2026-10-09T20:24:56+00:00
6,526,1.653,2.000,2026-10-09T20:24:56+00:00
6,527,0.000,0.000,2026-10-09T20:24:56+00:00
6,528,0.000,0.000,2026-10-09T20:24:56+00:00
6,529,2.590,1.000,2026-10-09T20:24:56+00:00
6,530,0.000,0.000,2026-10-09T20:24:56+00:00
6,531,0.000,0.000,2026-10-09T20:24:56+00:00
6,532,0.000,0.000,2026-10-09T20:24:56+00:00
6,533,3.826,0.000,2026-10-09T20:24:56+00:00
6,534,1.920,0.500,2026-10-09T20:24:56+00:00
6,535,0.410,0.000,2026-10-09T20:24:56+00:00
6,536,2.333,-1.000,2026-10-09T20:24:56+00:00
6,537,0.000,0.000,2026-10-09T20:24:56+00:00
6,538,0.000,0.000,2026-10-09T20:24:56+00:00
6,539,0.768,0.000,2026-10-09T20:24:56+00:00
6,540,0.000,0.000,2026-10-09T20:24:56+00:00
6,541,3.403,2.500,2026-10-09T20:24:56+00:00
6,542,5.051,2.500,2026-10-09T20:24:56+00:00
6,543,0.000,0.000,2026-10-09T20:24:56+00:00
6,544,3.439,1.500,2026-10-09T20:24:56+00:00
6,545,2.973,2.000,2026-10-09T20:24:56+00:00
6,546,0.000,0.000,2026-10-09T20:24:56+00:00
6,547,0.000,0.000,2026-10-09T20:24:56+00:00
6,548,0.433,0.000,2026-10-09T20:24:56+00:00
6,549,0.466,0.000,2026-10-09T20:24:56+00:00
6,550,0.000,0.000,2026-10-09T20:24:56+00:00
6,551,2.771,3.000,2026-10-09T20:24:56+00:00
6,552,0.000,0.000,2026-10-09T20:24:56+00:00
6,553,1.620,1.000,2026-10-09T20:24:56+00:00
6,554,0.000,0.000,2026-10-09T20:24:56+00:00
6,555,0.000,0.000,2026-10-09T20:24:56+00:00
6,556,0.000,0.000,2026-10-09T20:24:56+00:00
6,557,0.000,0.000,2026-10-09T20:24:56+00:00
6,558,3.034,2.500,2026-10-09T20:24:56+00:00
6,559,0.703,1.000,2026-10-09T20:24:56+00:00
6,560,0.000,0.000,2026-10-09T20:24:56+00:00
6,561,0.000,0.000,2026-10-09T20:24:56+00:00
6,562,2.452,1.000,2026-10-09T20:24:56+00:00
6,563,0.247,0.000,2026-10-09T20:24:56+00:00
6,564,1.900,0.500,2026-10-09T20:24:56+00:00
6,565,2.648,2.000,2026-10-09T20:24:56+00:00
6,566,4.382,3.000,2026-10-09T20:24:56+00:00
6,567,3.690,2.000,2026-10-09T20:24:56+00:00
6,568,1.316,1.000,2026-10-09T20:24:56+00:00
6,569,4.729,2.000,2026-10-09T20:24:56+00:00
6,570,2.190,0.500,2026-10-09T20:24:56+00:00
6,571,1.329,1.000,2026-10-09T20:24:56+00:00
6,572,3.528,4.000,2026-10-09T20:24:56+00:00
6,573,0.000,0.000,2026-10-09T20:24:56+00:00
6,574,0.211,0.000,2026-10-09T20:24:56+00:00
6,575,2.183,2.000,2026-10-09T20:24:56+00:00
6,576,1.457,0.500,2026-10-09T20:24:56+00:00
6,577,0.000,0.000,2026-10-09T20:24:56+00:00
6,578,0.000,0.000,2026-10-09T20:24:56+00:00
6,579,2.532,6.500,2026-10-09T20:24:56+00:00
6,580,3.081,4.500,2026-10-09T20:24:56+00:00
6,581,2.139,3.000,2026-10-09T20:24:56+00:00
6,582,0.000,0.000,2026-10-09T20:24:56+00:00
6,583,1.685,1.000,2026-10-09T20:24:56+00:00
6,584,0.545,0.000,2026-10-09T20:24:56+00:00
6,585,1.902,1.000,2026-10-09T20:24:56+00:00
6,586,2.250,0.500,2026-10-09T20:24:56+00:00
6,587,0.000,0.000,2026-10-09T20:24:56+00:00
6,588,4.096,6.500,2026-10-09T20:24:56+00:00
6,589,1.037,0.500,2026-10-09T20:24:56+00:00
6,590,0.000,0.000,2026-10-09T20:24:56+00:00
6,591,0.000,2.000,2026-10-09T20:24:56+00:00
6,592,1.663,1.500,2026-10-09T20:24:56+00:00
6,593,1.148,0.000,2026-10-09T20:24:56+00:00
6,594,0.291,0.000,2026-10-09T20:24:56+00:00
6,595,0.452,0.500,2026-10-09T20:24:56+00:00
6,596,1.411,1.500,2026-10-09T20:24:56+00:00
6,597,3.246,2.000,2026-10-09T20:24:56+00:00
6,598,2.399,4.000,2026-10-09T20:24:56+00:00
6,599,0.347,0.500,2026-10-09T20:24:56+00:00
6,600,0.631,0.500,2026-10-09T20:24:56+00:00
6,601,0.000,0.000,2026-10-09T20:24:56+00:00
6,602,0.000,0.000,2026-10-09T20:24:56+00:00
6,603,0.000,0.000,2026-10-09T20:24:56+00:00
6,604,0.000,0.000,2026-10-09T20:24:56+00:00
6,605,0.000,4.500,2026-10-09T20:24:56+00:00
6,606,0.000,0.000,2026-10-09T20:24:56+00:00
6,607,0.000,0.000,2026-10-09T20:24:56+00:00
6,608,0.751,0.500,2026-10-09T20:24:56+00:00
6,609,0.000,0.000,2026-10-09T20:24:56+00:00
6,610,0.000,0.000,2026-10-09T20:24:56+00:00
6,611,1.758,2.000,2026-10-09T20:24:56+00:00
6,612,0.710,-0.500,2026-10-09T20:24:56+00:00
6,613,0.000,0.000,2026-10-09T20:24:56+00:00
6,614,0.000,0.000,2026-10-09T20:24:56+00:00
6,615,0.000,0.000,2026-10-09T20:24:56+00:00
6,616,0.472,0.000,2026-10-09T20:24:56+00:00
6,617,1.428,3.500,2026-10-09T20:24:56+00:00
6,618,0.000,0.000,2026-10-09T20:24:56+00:00
6,619,3.314,3.000,2026-10-09T20:24:56+00:00
6,620,1.402,1.000,2026-10-09T20:24:56+00:00
6,621,0.000,0.000,2026-10-09T20:24:56+00:00
6,622,0.189,0.000,2026-10-09T20:24:56+00:00
6,623,0.359,0.000,2026-10-09T20:24:56+00:00
6,624,0.000,0.000,2026-10-09T20:24:56+00:00
6,625,0.000,0.000,2026-10-09T20:24:56+00:00
6,626,0.000,0.000,2026-10-09T20:24:56+00:00
6,627,3.099,3.000,2026-10-09T20:24:56+00:00
6,628,0.000,0.000,2026-10-09T20:24:56+00:00
6,629,0.000,0.000,2026-10-09T20:24:56+00:00
6,630,0.000,0.000,2026-10-09T20:24:56+00:00
6,631,0.892,1.000,2026-10-09T20:24:56+00:00
6,632,0.000,0.000,2026-10-09T20:24:56+00:00
6,633,1.407,1.500,2026-10-09T20:24:56+00:00
6,634,2.363,1.500,2026-10-09T20:24:56+00:00
6,635,1.173,1.000,2026-10-09T20:24:56+00:00
6,636,0.000,0.000,2026-10-09T20:24:56+00:00
6,637,0.846,1.000,2026-10-09T20:24:56+00:00
6,638,0.310,0.000,2026-10-09T20:24:56+00:00
6,639,2.086,6.000,2026-10-09T20:24:56+00:00
6,640,2.927,2.500,2026-10-09T20:24:56+00:00
6,641,0.313,0.500,2026-10-09T20:24:56+00:00
6,642,2.138,1.500,2026-10-09T20:24:56+00:00
6,643,0.703,0.500,2026-10-09T20:24:56+00:00
6,644,3.829,3.500,2026-10-09T20:24:56+00:00
6,645,0.000,0.000,2026-10-09T20:24:56+00:00
6,646,1.340,1.000,2026-10-09T20:24:56+00:00
6,647,0.281,0.000,2026-10-09T20:24:56+00:00
6,648,0.297,0.400,2026-10-09T20:24:56+00:00
6,649,3.008,7.000,2026-10-09T20:24:56+00:00
6,650,3.076,6.000,2026-10-09T20:24:56+00:00
6,651,0.000,0.000,2026-10-09T20:24:56+00:00
6,652,0.000,0.000,2026-10-09T20:24:56+00:00
6,653,0.000,0.000,2026-10-09T20:24:56+00:00
6,654,0.000,0.000,2026-10-09T20:24:56+00:00
6,655,0.000,0.000,2026-10-09T20:24:56+00:00
6,656,0.000,3.000,2026-10-09T20:24:56+00:00
6,657,0.000,0.000,2026-10-09T20:24:56+00:00
6,658,0.000,0.000,2026-10-09T20:24:56+00:00
6,659,0.000,0.000,2026-10-09T20:24:56+00:00
6,660,0.000,1.100,2026-10-09T20:24:56+00:00
6,661,0.000,1.000,2026-10-09T20:24:56+00:00
6,662,1.044,1.100,2026-10-09T20:24:56+00:00
6,663,0.000,1.100,2026-10-09T20:24:56+00:00
6,664,0.000,1.000,2026-10-09T20:24:56+00:00
6,665,0.000,1.100,2026-10-09T20:24:56+00:00
6,666,0.000,1.100,2026-10-09T20:24:56+00:00
6,667,0.000,1.000,2026-10-09T20:24:56+00:00
7,1,3.040,5.300,2026-10-10T11:39:15+00:00
7,2,0.288,0.000,2026-10-10T11:39:15+00:00
7,3,0.000,0.000,2026-10-10T11:39:15+00:00
7,4,4.620,3.700,2026-10-10T11:39:15+00:00
7,5,0.544,0.300,2026-10-10T11:39:15+00:00
7,6,0.000,0.000,2026-10-10T11:39:15+00:00
7,7,1.841,0.700,2026-10-10T11:39:15+00:00
7,8,4.020,2.700,2026-10-10T11:39:15+00:00
7,9,0.737,0.000,2026-10-10T11:39:15+00:00
7,10,1.860,0.700,2026-10-10T11:39:15+00:00
7,11,1.568,0.000,2026-10-10T11:39:15+00:00
7,12,5.006,3.700,2026-10-10T11:39:15+00:00
7,13,3.559,2.700,2026-10-10T11:39:15+00:00
7,14,1.379,0.700,2026-10-10T11:39:15+00:00
7,15,3.643,2.000,2026-10-10T11:39:15+00:00
7,16,0.703,0.300,2026-10-10T11:39:15+00:00
7,17,1.057,0.700,2026-10-10T11:39:15+00:00
7,18,0.000,0.000,2026-10-10T11:39:15+00:00
7,19,1.302,0.700,2026-10-10T11:39:15+00:00
7,20,0.572,0.300,2026-10-10T11:39:15+00:00
7,21,0.000,0.000,2026-10-10T11:39:15+00:00
7,22,0.000,0.000,2026-10-10T11:39:15+00:00
7,23,0.000,0.000,2026-10-10T11:39:15+00:00
7,24,0.000,0.000,2026-10-10T11:39:15+00:00
7,25,1.013,0.300,2026-10-10T11:39:15+00:00
7,26,3.806,1.300,2026-10-10T11:39:15+00:00
7,27,0.000,0.000,2026-10-10T11:39:15+00:00
7,28,3.115,1.300,2026-10-10T11:39:15+00:00
7,29,0.340,0.000,2026-10-10T11:39:15+00:00
7,30,0.000,0.000,2026-10-10T11:39:15+00:00
7,31,2.759,2.700,2026-10-10T11:39:15+00:00
7,32,1.352,-0.300,2026-10-10T11:39:15+00:00
7,33,2.307,1.000,2026-10-10T11:39:15+00:00
7,34,0.889,0.200,2026-10-10T11:39:15+00:00
7,35,0.418,0.000,2026-10-10T11:39:15+00:00
7,36,0.000,0.000,2026-10-10T11:39:15+00:00
7,37,2.730,0.700,2026-10-10T11:39:15+00:00
7,38,0.000,0.000,2026-10-10T11:39:15+00:00
7,39,0.000,0.000,2026-10-10T11:39:15+00:00
7,40,3.746,3.300,2026-10-10T11:39:15+00:00
7,41,3.957,4.700,2026-10-10T11:39:15+00:00
7,42,0.498,0.000,2026-10-10T11:39:15+00:00
7,43,3.185,2.000,2026-10-10T11:39:15+00:00
7,44,0.000,0.000,2026-10-10T11:39:15+00:00
7,45,3.155,4.000,2026-10-10T11:39:15+00:00
7,46,3.067,1.000,2026-10-10T11:39:15+00:00
7,47,2.570,2.700,2026-10-10T11:39:15+00:00
7,48,0.000,0.000,2026-10-10T11:39:15+00:00
7,49,0.000,0.000,2026-10-10T11:39:15+00:00
7,50,0.000,0.000,2026-10-10T11:39:15+00:00
7,51,0.000,0.700,2026-10-10T11:39:15+00:00
7,52,0.000,1.500,2026-10-10T11:39:15+00:00
7,53,1.628,4.700,2026-10-10T11:39:15+00:00
7,54,1.500,1.300,2026-10-10T11:39:15+00:00
7,55,0.000,0.000,2026-10-10T11:39:15+00:00
7,56,0.986,0.700,2026-10-10T11:39:15+00:00
7,57,3.397,1.000,2026-10-10T11:39:15+00:00
7,58,0.000,0.000,2026-10-10T11:39:15+00:00
7,59,0.000,0.000,2026-10-10T11:39:15+00:00
7,60,4.647,2.000,2026-10-10T11:39:15+00:00
7,61,4.552,1.700,2026-10-10T11:39:15+00:00
7,62,0.000,0.000,2026-10-10T11:39:15+00:00
7,63,0.000,0.000,2026-10-10T11:39:15+00:00
7,64,3.196,0.700,2026-10-10T11:39:15+00:00
7,65,0.000,0.000,2026-10-10T11:39:15+00:00
7,66,0.000,0.000,2026-10-10T11:39:15+00:00
7,67,4.575,1.300,2026-10-10T11:39:15+00:00
7,68,4.888,3.300,2026-10-10T11:39:15+00:00
7,69,0.000,0.000,2026-10-10T11:39:15+00:00
7,70,0.000,0.000,2026-10-10T11:39:15+00:00
7,71,1.408,0.300,2026-10-10T11:39:15+00:00
7,72,0.000,0.700,2026-10-10T11:39:15+00:00
7,73,2.975,2.000,2026-10-10T11:39:15+00:00
7,74,0.947,0.300,2026-10-10T11:39:15+00:00
7,75,1.537,1.000,2026-10-10T11:39:15+00:00
7,76,0.000,0.300,2026-10-10T11:39:15+00:00
7,77,0.000,0.000,2026-10-10T11:39:15+00:00
7,78,0.000,0.000,2026-10-10T11:39:15+00:00
7,79,3.955,2.300,2026-10-10T11:39:15+00:00
7,80,0.000,0.000,2026-10-10T11:39:15+00:00
7,81,0.431,0.300,2026-10-10T11:39:15+00:00
7,82,3.792,3.000,2026-10-10T11:39:15+00:00
7,83,0.000,0.000,2026-10-10T11:39:15+00:00
7,84,0.000,0.000,2026-10-10T11:39:15+00:00
7,85,0.000,0.000,2026-10-10T11:39:15+00:00
7,86,3.451,1.300,2026-10-10T11:39:15+00:00
7,87,3.136,2.700,2026-10-10T11:39:15+00:00
7,88,2.475,2.300,2026-10-10T11:39:15+00:00
7,89,0.125,0.000,2026-10-10T11:39:15+00:00
7,90,1.490,0.700,2026-10-10T11:39:15+00:00
7,91,2.087,3.300,2026-10-10T11:39:15+00:00
7,92,0.000,0.000,2026-10-10T11:39:15+00:00
7,93,3.371,5.700,2026-10-10T11:39:15+00:00
7,94,4.374,8.000,2026-10-10T11:39:15+00:00
7,95,2.421,0.700,2026-10-10T11:39:15+00:00
7,96,2.308,1.000,2026-10-10T11:39:15+00:00
7,97,1.195,0.000,2026-10-10T11:39:15+00:00
7,98,3.605,2.300,2026-10-10T11:39:15+00:00
7,99,0.000,0.000,2026-10-10T11:39:15+00:00
7,100,0.230,2.000,2026-10-10T11:39:15+00:00
7,101,0.853,0.700,2026-10-10T11:39:15+00:00
7,102,1.721,2.300,2026-10-10T11:39:15+00:00
7,103,0.000,0.000,2026-10-10T11:39:15+00:00
7,104,0.000,1.700,2026-10-10T11:39:15+00:00
7,105,3.377,3.700,2026-10-10T11:39:15+00:00
7,106,4.841,2.000,2026-10-10T11:39:15+00:00
7,107,0.000,0.000,2026-10-10T11:39:15+00:00
7,108,1.208,0.000,2026-10-10T11:39:15+00:00
7,109,3.470,4.700,2026-10-10T11:39:15+00:00
7,110,2.135,3.700,2026-10-10T11:39:15+00:00
7,111,0.000,0.000,2026-10-10T11:39:15+00:00
7,112,4.859,4.700,2026-10-10T11:39:15+00:00
7,113,3.469,3.700,2026-10-10T11:39:15+00:00
7,114,2.925,4.000,2026-10-10T11:39:15+00:00
7,115,4.954,5.700,2026-10-10T11:39:15+00:00
7,116,3.064,4.000,2026-10-10T11:39:15+00:00
7,117,0.000,0.000,2026-10-10T11:39:15+00:00
7,118,0.000,0.000,2026-10-10T11:39:15+00:00
7,119,0.908,0.700,2026-10-10T11:39:15+00:00
7,120,0.281,0.300,2026-10-10T11:39:15+00:00
7,121,0.117,0.000,2026-10-10T11:39:15+00:00
7,122,0.000,0.000,2026-10-10T11:39:15+00:00
7,123,0.837,0.000,2026-10-10T11:39:15+00:00
7,124,4.521,10.300,2026-10-10T11:39:15+00:00
7,125,1.125,0.300,2026-10-10T11:39:15+00:00
7,126,0.456,0.700,2026-10-10T11:39:15+00:00
7,127,4.171,3.700,2026-10-10T11:39:15+00:00
7,128,0.000,0.000,2026-10-10T11:39:15+00:00
7,129,2.655,3.700,2026-10-10T11:39:15+00:00
7,130,0.000,0.000,2026-10-10T11:39:15+00:00
7,131,0.547,0.000,2026-10-10T11:39:15+00:00
7,132,0.000,0.000,2026-10-10T11:39:15+00:00
7,133,0.000,0.000,2026-10-10T11:39:15+00:00
7,134,0.000,0.000,2026-10-10T11:39:15+00:00
7,135,0.165,0.000,2026-10-10T11:39:15+00:00
7,136,2.031,1.000,2026-10-10T11:39:15+00:00
7,137,0.000,0.000,2026-10-10T11:39:15+00:00
7,138,3.693,6.700,2026-10-10T11:39:15+00:00
7,139,0.000,0.000,2026-10-10T11:39:15+00:00
7,140,0.000,0.000,2026-10-10T11:39:15+00:00
7,141,0.000,0.000,2026-10-10T11:39:15+00:00
7,142,1.621,0.300,2026-10-10T11:39:15+00:00
7,143,0.000,0.000,2026-10-10T11:39:15+00:00
7,144,1.875,0.300,2026-10-10T11:39:15+00:00
7,145,2.938,1.700,2026-10-10T11:39:15+00:00
7,146,0.000,0.000,2026-10-10T11:39:15+00:00
7,147,0.180,0.300,2026-10-10T11:39:15+00:00
7,148,1.476,0.000,2026-10-10T11:39:15+00:00
7,149,2.252,0.700,2026-10-10T11:39:15+00:00
7,150,0.000,0.000,2026-10-10T11:39:15+00:00
7,151,1.454,0.000,2026-10-10T11:39:15+00:00
7,152,0.000,0.000,2026-10-10T11:39:15+00:00
7,153,0.000,0.000,2026-10-10T11:39:15+00:00
7,154,4.615,2.300,2026-10-10T11:39:15+00:00
7,155,4.921,3.000,2026-10-10T11:39:15+00:00
7,156,3.305,1.300,2026-10-10T11:39:15+00:00
7,157,0.713,0.700,2026-10-10T11:39:15+00:00
7,158,0.000,0.000,2026-10-10T11:39:15+00:00
7,159,0.878,0.000,2026-10-10T11:39:15+00:00
7,160,0.532,0.000,2026-10-10T11:39:15+00:00
7,161,1.609,0.700,2026-10-10T11:39:15+00:00
7,162,1.098,0.000,2026-10-10T11:39:15+00:00
7,163,0.000,0.000,2026-10-10T11:39:15+00:00
7,164,0.489,0.300,2026-10-10T11:39:15+00:00
7,165,2.966,4.000,2026-10-10T11:39:15+00:00
7,166,0.000,2.000,2026-10-10T11:39:15+00:00
7,167,1.875,2.000,2026-10-10T11:39:15+00:00
7,168,0.000,0.000,2026-10-10T11:39:15+00:00
7,169,0.000,0.000,2026-10-10T11:39:15+00:00
7,170,0.000,0.000,2026-10-10T11:39:15+00:00
7,171,0.000,0.000,2026-10-10T11:39:15+00:00
7,172,0.000,0.000,2026-10-10T11:39:15+00:00
7,173,4.032,3.000,2026-10-10T11:39:15+00:00
7,174,0.000,0.000,2026-10-10T11:39:15+00:00
7,175,1.619,0.000,2026-10-10T11:39:15+00:00
7,176,3.301,5.000,2026-10-10T11:39:15+00:00
7,177,0.000,0.000,2026-10-10T11:39:15+00:00
7,178,0.000,0.000,2026-10-10T11:39:15+00:00
7,179,0.274,0.300,2026-10-10T11:39:15+00:00
7,180,0.000,0.000,2026-10-10T11:39:15+00:00
7,181,0.000,0.000,2026-10-10T11:39:15+00:00
7,182,0.000,0.000,2026-10-10T11:39:15+00:00
7,183,3.713,2.300,2026-10-10T11:39:15+00:00
7,184,2.911,1.700,2026-10-10T11:39:15+00:00
7,185,0.205,0.000,2026-10-10T11:39:15+00:00
7,186,1.620,0.700,2026-10-10T11:39:15+00:00
7,187,0.000,0.000,2026-10-10T11:39:15+00:00
7,188,0.620,0.300,2026-10-10T11:39:15+00:00
7,189,0.000,0.000,2026-10-10T11:39:15+00:00
7,190,1.782,0.300,2026-10-10T11:39:15+00:00
7,191,0.000,0.000,2026-10-10T11:39:15+00:00
7,192,0.000,0.000,2026-10-10T11:39:15+00:00
7,193,0.000,0.000,2026-10-10T11:39:15+00:00
7,194,2.189,1.700,2026-10-10T11:39:15+00:00
7,195,1.059,0.300,2026-10-10T11:39:15+00:00
7,196,0.000,0.000,2026-10-10T11:39:15+00:00
7,197,0.000,0.000,2026-10-10T11:39:15+00:00
7,198,1.918,0.000,2026-10-10T11:39:15+00:00
7,199,0.925,2.700,2026-10-10T11:39:15+00:00
7,200,3.036,1.300,2026-10-10T11:39:15+00:00
7,201,2.419,1.300,2026-10-10T11:39:15+00:00
7,202,2.296,3.300,2026-10-10T11:39:15+00:00
7,203,2.275,2.700,2026-10-10T11:39:15+00:00
7,204,2.594,2.700,2026-10-10T11:39:15+00:00
7,205,0.000,0.000,2026-10-10T11:39:15+00:00
7,206,0.000,0.000,2026-10-10T11:39:15+00:00
7,207,0.349,0.000,2026-10-10T11:39:15+00:00
7,208,0.847,0.300,2026-10-10T11:39:15+00:00
7,209,2.355,2.000,2026-10-10T11:39:15+00:00
7,210,2.952,1.300,2026-10-10T11:39:15+00:00
7,211,2.611,1.000,2026-10-10T11:39:15+00:00
7,212,0.733,0.300,2026-10-10T11:39:15+00:00
7,213,0.879,0.300,2026-10-10T11:39:15+00:00
7,214,2.910,3.700,2026-10-10T11:39:15+00:00
7,215,0.000,0.000,2026-10-10T11:39:15+00:00
7,216,0.000,0.000,2026-10-10T11:39:15+00:00
7,217,0.000,0.000,2026-10-10T11:39:15+00:00
7,218,0.000,0.000,2026-10-10T11:39:15+00:00
7,219,0.000,0.000,2026-10-10T11:39:15+00:00
7,220,0.000,0.000,2026-10-10T11:39:15+00:00
7,221,0.000,0.000,2026-10-10T11:39:15+00:00
7,222,2.626,3.300,2026-10-10T11:39:15+00:00
7,223,0.820,0.000,2026-10-10T11:39:15+00:00
7,224,1.365,0.300,2026-10-10T11:39:15+00:00
7,225,0.000,0.000,2026-10-10T11:39:15+00:00
7,226,3.276,4.700,2026-10-10T11:39:15+00:00
7,227,0.000,0.000,2026-10-10T11:39:15+00:00
7,228,0.000,0.000,2026-10-10T11:39:15+00:00
7,229,4.483,7.300,2026-10-10T11:39:15+00:00
7,230,3.157,4.700,2026-10-10T11:39:15+00:00
7,231,1.037,0.000,2026-10-10T11:39:15+00:00
7,232,1.008,0.700,2026-10-10T11:39:15+00:00
7,233,2.363,4.000,2026-10-10T11:39:15+00:00
7,234,0.000,0.000,2026-10-10T11:39:15+00:00
7,235,0.000,0.000,2026-10-10T11:39:15+00:00
7,236,4.605,1.700,2026-10-10T11:39:15+00:00
7,237,5.522,2.000,2026-10-10T11:39:15+00:00
7,238,1.471,1.300,2026-10-10T11:39:15+00:00
7,239,3.412,2.300,2026-10-10T11:39:15+00:00
7,240,1.170,0.300,2026-10-10T11:39:15+00:00
7,241,0.555,0.000,2026-10-10T11:39:15+00:00
7,242,2.875,1.300,2026-10-10T11:39:15+00:00
7,243,0.281,0.000,2026-10-10T11:39:15+00:00
7,244,2.625,1.700,2026-10-10T11:39:15+00:00
7,245,0.299,0.300,2026-10-10T11:39:15+00:00
7,246,0.958,0.000,2026-10-10T11:39:15+00:00
7,247,1.490,0.700,2026-10-10T11:39:15+00:00
7,248,0.000,0.000,2026-10-10T11:39:15+00:00
7,249,4.860,2.700,2026-10-10T11:39:15+00:00
7,250,3.708,4.000,2026-10-10T11:39:15+00:00
7,251,0.000,0.000,2026-10-10T11:39:15+00:00
7,252,0.000,0.000,2026-10-10T11:39:15+00:00
7,253,1.450,0.300,2026-10-10T11:39:15+00:00
7,254,3.094,2.000,2026-10-10T11:39:15+00:00
7,255,0.522,0.000,2026-10-10T11:39:15+00:00
7,256,0.006,0.000,2026-10-10T11:39:15+00:00
7,257,3.888,4.000,2026-10-10T11:39:15+00:00
7,258,3.988,2.300,2026-10-10T11:39:15+00:00
7,259,1.867,1.700,2026-10-10T11:39:15+00:00
7,260,1.403,0.300,2026-10-10T11:39:15+00:00
7,261,3.370,2.700,2026-10-10T11:39:15+00:00
7,262,1.208,0.300,2026-10-10T11:39:15+00:00
7,263,1.060,0.700,2026-10-10T11:39:15+00:00
7,264,3.273,2.000,2026-10-10T11:39:15+00:00
7,265,2.547,2.000,2026-10-10T11:39:15+00:00
7,266,0.348,0.000,2026-10-10T11:39:15+00:00
7,267,2.376,1.000,2026-10-10T11:39:15+00:00
7,268,3.219,1.700,2026-10-10T11:39:15+00:00
7,269,0.427,0.000,2026-10-10T11:39:15+00:00
7,270,0.000,0.000,2026-10-10T11:39:15+00:00
7,271,1.363,0.300,2026-10-10T11:39:15+00:00
7,272,0.000,0.000,2026-10-10T11:39:15+00:00
7,273,0.000,0.000,2026-10-10T11:39:15+00:00
7,274,0.000,0.000,2026-10-10T11:39:15+00:00
7,275,0.000,0.000,2026-10-10T11:39:15+00:00
7,276,0.000,0.000,2026-10-10T11:39:15+00:00
7,277,3.827,1.000,2026-10-10T11:39:15+00:00
7,278,0.000,0.000,2026-10-10T11:39:15+00:00
7,279,3.759,0.700,2026-10-10T11:39:15+00:00
7,280,2.862,0.700,2026-10-10T11:39:15+00:00
7,281,0.000,0.000,2026-10-10T11:39:15+00:00
7,282,3.496,1.300,2026-10-10T11:39:15+00:00
7,283,0.000,0.000,2026-10-10T11:39:15+00:00
7,284,0.000,0.000,2026-10-10T11:39:15+00:00
7,285,0.139,0.000,2026-10-10T11:39:15+00:00
7,286,3.262,5.700,2026-10-10T11:39:15+00:00
7,287,0.000,0.000,2026-10-10T11:39:15+00:00
7,288,0.000,0.000,2026-10-10T11:39:15+00:00
7,289,0.840,0.300,2026-10-10T11:39:15+00:00
7,290,3.171,1.300,2026-10-10T11:39:15+00:00
7,291,0.000,0.000,2026-10-10T11:39:15+00:00
7,292,0.000,0.000,2026-10-10T11:39:15+00:00
7,293,0.000,0.000,2026-10-10T11:39:15+00:00
7,294,0.000,0.000,2026-10-10T11:39:15+00:00
7,295,3.169,1.700,2026-10-10T11:39:15+00:00
7,296,0.000,0.000,2026-10-10T11:39:15+00:00
7,297,0.000,0.000,2026-10-10T11:39:15+00:00
7,298,0.000,0.000,2026-10-10T11:39:15+00:00
7,299,0.000,0.000,2026-10-10T11:39:15+00:00
7,300,0.281,0.700,2026-10-10T11:39:15+00:00
7,301,0.000,0.000,2026-10-10T11:39:15+00:00
7,302,0.000,0.000,2026-10-10T11:39:15+00:00
7,303,0.000,0.000,2026-10-10T11:39:15+00:00
7,304,1.942,1.000,2026-10-10T11:39:15+00:00
7,305,2.557,5.300,2026-10-10T11:39:15+00:00
7,306,1.082,0.300,2026-10-10T11:39:15+00:00
7,307,0.000,0.000,2026-10-10T11:39:15+00:00
7,308,0.137,0.000,2026-10-10T11:39:15+00:00
7,309,0.958,0.000,2026-10-10T11:39:15+00:00
7,310,0.000,0.000,2026-10-10T11:39:15+00:00
7,311,0.000,0.000,2026-10-10T11:39:15+00:00
7,312,0.000,0.000,2026-10-10T11:39:15+00:00
7,313,1.638,1.000,2026-10-10T11:39:15+00:00
7,314,0.000,0.000,2026-10-10T11:39:15+00:00
7,315,0.000,0.000,2026-10-10T11:39:15+00:00
7,316,3.101,4.700,2026-10-10T11:39:15+00:00
7,317,0.000,0.000,2026-10-10T11:39:15+00:00
7,318,0.603,0.700,2026-10-10T11:39:15+00:00
7,319,0.000,0.000,2026-10-10T11:39:15+00:00
7,320,0.781,0.300,2026-10-10T11:39:15+00:00
7,321,0.154,0.000,2026-10-10T11:39:15+00:00
7,322,0.000,0.000,2026-10-10T11:39:15+00:00
7,323,0.545,0.000,2026-10-10T11:39:15+00:00
7,324,0.000,0.000,2026-10-10T11:39:15+00:00
7,325,0.528,0.000,2026-10-10T11:39:15+00:00
7,326,0.000,0.000,2026-10-10T11:39:15+00:00
7,327,1.624,0.000,2026-10-10T11:39:15+00:00
7,328,1.216,1.500,2026-10-10T11:39:15+00:00
7,329,0.000,0.000,2026-10-10T11:39:15+00:00
7,330,2.960,7.000,2026-10-10T11:39:15+00:00
7,331,1.872,4.300,2026-10-10T11:39:15+00:00
7,332,4.416,3.700,2026-10-10T11:39:15+00:00
7,333,0.000,0.000,2026-10-10T11:39:15+00:00
7,334,4.586,4.700,2026-10-10T11:39:15+00:00
7,335,4.384,3.000,2026-10-10T11:39:15+00:00
7,336,2.670,4.300,2026-10-10T11:39:15+00:00
7,337,2.075,0.700,2026-10-10T11:39:15+00:00
7,338,3.773,4.300,2026-10-10T11:39:15+00:00
7,339,0.488,0.300,2026-10-10T11:39:15+00:00
7,340,0.000,0.300,2026-10-10T11:39:15+00:00
7,341,0.000,0.000,2026-10-10T11:39:15+00:00
7,342,0.000,0.000,2026-10-10T11:39:15+00:00
7,343,1.137,0.000,2026-10-10T11:39:15+00:00
7,344,0.000,0.000,2026-10-10T11:39:15+00:00
7,345,2.790,3.000,2026-10-10T11:39:15+00:00
7,346,4.448,4.300,2026-10-10T11:39:15+00:00
7,347,1.998,0.700,2026-10-10T11:39:15+00:00
7,348,0.000,0.000,2026-10-10T11:39:15+00:00
7,349,0.000,0.000,2026-10-10T11:39:15+00:00
7,350,2.466,5.700,2026-10-10T11:39:15+00:00
7,351,0.378,0.000,2026-10-10T11:39:15+00:00
7,352,0.000,0.000,2026-10-10T11:39:15+00:00
7,353,0.000,0.000,2026-10-10T11:39:15+00:00
7,354,0.000,0.000,2026-10-10T11:39:15+00:00
7,355,0.000,0.000,2026-10-10T11:39:15+00:00
7,356,3.879,5.300,2026-10-10T11:39:15+00:00
7,357,1.245,0.300,2026-10-10T11:39:15+00:00
7,358,2.229,2.300,2026-10-10T11:39:15+00:00
7,359,0.268,0.000,2026-10-10T11:39:15+00:00
7,360,0.000,0.000,2026-10-10T11:39:15+00:00
7,361,0.000,0.000,2026-10-10T11:39:15+00:00
7,362,2.976,5.000,2026-10-10T11:39:15+00:00
7,363,0.000,0.000,2026-10-10T11:39:15+00:00
7,364,0.000,0.300,2026-10-10T11:39:15+00:00
7,365,0.000,0.000,2026-10-10T11:39:15+00:00
7,366,3.419,3.000,2026-10-10T11:39:15+00:00
7,367,0.000,0.000,2026-10-10T11:39:15+00:00
7,368,4.355,1.700,2026-10-10T11:39:15+00:00
7,369,1.708,0.300,2026-10-10T11:39:15+00:00
7,370,0.052,0.000,2026-10-10T11:39:15+00:00
7,371,1.814,0.700,2026-10-10T11:39:15+00:00
7,372,2.655,2.000,2026-10-10T11:39:15+00:00
7,373,0.000,0.000,2026-10-10T11:39:15+00:00
7,374,0.000,0.000,2026-10-10T11:39:15+00:00
7,375,0.000,0.300,2026-10-10T11:39:15+00:00
7,376,0.000,0.000,2026-10-10T11:39:15+00:00
7,377,2.127,0.700,2026-10-10T11:39:15+00:00
7,378,0.000,0.000,2026-10-10T11:39:15+00:00
7,379,0.000,0.000,2026-10-10T11:39:15+00:00
7,380,0.000,0.000,2026-10-10T11:39:15+00:00
7,381,0.673,0.300,2026-10-10T11:39:15+00:00
7,382,0.000,0.000,2026-10-10T11:39:15+00:00
7,383,0.000,0.000,2026-10-10T11:39:15+00:00
7,384,3.345,3.000,2026-10-10T11:39:15+00:00
7,385,3.294,4.700,2026-10-10T11:39:15+00:00
7,386,0.000,0.000,2026-10-10T11:39:15+00:00
7,387,1.786,0.500,2026-10-10T11:39:15+00:00
7,388,5.297,3.300,2026-10-10T11:39:15+00:00
7,389,2.344,3.300,2026-10-10T11:39:15+00:00
7,390,3.760,2.300,2026-10-10T11:39:15+00:00
7,391,4.144,5.000,2026-10-10T11:39:15+00:00
7,392,0.446,0.000,2026-10-10T11:39:15+00:00
7,393,2.288,0.000,2026-10-10T11:39:15+00:00
7,394,0.000,0.000,2026-10-10T11:39:15+00:00
7,395,0.738,0.000,2026-10-10T11:39:15+00:00
7,396,0.000,0.000,2026-10-10T11:39:15+00:00
7,397,4.229,5.000,2026-10-10T11:39:15+00:00
7,398,0.000,0.000,2026-10-10T11:39:15+00:00
7,399,4.471,3.000,2026-10-10T11:39:15+00:00
7,400,1.023,0.300,2026-10-10T11:39:15+00:00
7,401,3.095,1.300,2026-10-10T11:39:15+00:00
7,402,0.000,0.000,2026-10-10T11:39:15+00:00
7,403,3.306,1.700,2026-10-10T11:39:15+00:00
7,404,0.000,0.000,2026-10-10T11:39:15+00:00
7,405,1.297,0.300,2026-10-10T11:39:15+00:00
7,406,0.000,0.000,2026-10-10T11:39:15+00:00
7,407,0.000,0.000,2026-10-10T11:39:15+00:00
7,408,0.000,0.000,2026-10-10T11:39:15+00:00
7,409,0.000,0.000,2026-10-10T11:39:15+00:00
7,410,0.000,0.000,2026-10-10T11:39:15+00:00
7,411,7.498,5.000,2026-10-10T11:39:15+00:00
7,412,3.409,2.000,2026-10-10T11:39:15+00:00
7,413,0.000,0.000,2026-10-10T11:39:15+00:00
7,414,0.000,0.000,2026-10-10T11:39:15+00:00
7,415,0.000,0.000,2026-10-10T11:39:15+00:00
7,416,0.000,0.000,2026-10-10T11:39:15+00:00
7,417,2.449,1.300,2026-10-10T11:39:15+00:00
7,418,3.221,1.000,2026-10-10T11:39:15+00:00
7,419,2.919,0.700,2026-10-10T11:39:15+00:00
7,420,0.358,0.000,2026-10-10T11:39:15+00:00
7,421,0.375,0.000,2026-10-10T11:39:15+00:00
7,422,0.804,0.000,2026-10-10T11:39:15+00:00
7,423,2.256,0.700,2026-10-10T11:39:15+00:00
7,424,0.000,0.000,2026-10-10T11:39:15+00:00
7,425,0.000,0.000,2026-10-10T11:39:15+00:00
7,426,5.325,1.300,2026-10-10T11:39:15+00:00
7,427,4.294,1.300,2026-10-10T11:39:15+00:00
7,428,3.350,4.000,2026-10-10T11:39:15+00:00
7,429,0.000,1.000,2026-10-10T11:39:15+00:00
7,430,0.778,0.300,2026-10-10T11:39:15+00:00
7,431,0.000,0.000,2026-10-10T11:39:15+00:00
7,432,2.500,2.000,2026-10-10T11:39:15+00:00
7,433,0.000,0.000,2026-10-10T11:39:15+00:00
7,434,0.000,0.000,2026-10-10T11:39:15+00:00
7,435,0.000,0.000,2026-10-10T11:39:15+00:00
7,436,0.000,0.000,2026-10-10T11:39:15+00:00
7,437,0.000,0.000,2026-10-10T11:39:15+00:00
7,438,0.000,0.000,2026-10-10T11:39:15+00:00
7,439,0.893,0.000,2026-10-10T11:39:15+00:00
7,440,0.872,0.700,2026-10-10T11:39:15+00:00
7,441,0.000,0.000,2026-10-10T11:39:15+00:00
7,442,1.717,0.000,2026-10-10T11:39:15+00:00
7,443,0.000,0.000,2026-10-10T11:39:15+00:00
7,444,0.000,0.000,2026-10-10T11:39:15+00:00
7,445,4.572,2.000,2026-10-10T11:39:15+00:00
7,446,0.326,0.300,2026-10-10T11:39:15+00:00
7,447,4.294,2.000,2026-10-10T11:39:15+00:00
7,448,0.678,0.000,2026-10-10T11:39:15+00:00
7,449,4.234,4.300,2026-10-10T11:39:15+00:00
7,450,0.073,0.500,2026-10-10T11:39:15+00:00
7,451,0.000,0.000,2026-10-10T11:39:15+00:00
7,452,1.783,2.700,2026-10-10T11:39:15+00:00
7,453,4.513,3.700,2026-10-10T11:39:15+00:00
7,454,0.000,0.000,2026-10-10T11:39:15+00:00
7,455,3.123,1.700,2026-10-10T11:39:15+00:00
7,456,0.000,0.000,2026-10-10T11:39:15+00:00
7,457,1.775,0.300,2026-10-10T11:39:15+00:00
7,458,0.191,0.000,2026-10-10T11:39:15+00:00
7,459,2.148,1.000,2026-10-10T11:39:15+00:00
7,460,3.146,3.700,2026-10-10T11:39:15+00:00
7,461,0.870,2.300,2026-10-10T11:39:15+00:00
7,462,2.714,1.700,2026-10-10T11:39:15+00:00
7,463,0.000,0.000,2026-10-10T11:39:15+00:00
7,464,4.200,0.700,2026-10-10T11:39:15+00:00
7,465,0.709,0.000,2026-10-10T11:39:15+00:00
7,466,0.000,0.000,2026-10-10T11:39:15+00:00
7,467,3.170,1.700,2026-10-10T11:39:15+00:00
7,468,0.000,0.000,2026-10-10T11:39:15+00:00
7,469,1.718,0.700,2026-10-10T11:39:15+00:00
7,470,0.000,0.000,2026-10-10T11:39:15+00:00
7,471,0.000,0.000,2026-10-10T11:39:15+00:00
7,472,2.695,3.300,2026-10-10T11:39:15+00:00
7,473,1.107,0.700,2026-10-10T11:39:15+00:00
7,474,2.224,0.300,2026-10-10T11:39:15+00:00
7,475,0.000,0.000,2026-10-10T11:39:15+00:00
7,476,0.000,0.000,2026-10-10T11:39:15+00:00
7,477,0.000,0.000,2026-10-10T11:39:15+00:00
7,478,0.968,0.300,2026-10-10T11:39:15+00:00
7,479,0.000,0.000,2026-10-10T11:39:15+00:00
7,480,4.108,3.300,2026-10-10T11:39:15+00:00
7,481,5.528,2.300,2026-10-10T11:39:15+00:00
7,482,0.128,0.000,2026-10-10T11:39:15+00:00
7,483,2.031,0.700,2026-10-10T11:39:15+00:00
7,484,0.000,0.000,2026-10-10T11:39:15+00:00
7,485,0.000,0.000,2026-10-10T11:39:15+00:00
7,486,2.582,1.700,2026-10-10T11:39:15+00:00
7,487,0.550,0.000,2026-10-10T11:39:15+00:00
7,488,1.137,0.700,2026-10-10T11:39:15+00:00
7,489,0.131,0.000,2026-10-10T11:39:15+00:00
7,490,1.360,0.700,2026-10-10T11:39:15+00:00
7,491,0.000,0.000,2026-10-10T11:39:15+00:00
7,492,0.000,0.000,2026-10-10T11:39:15+00:00
7,493,0.000,0.000,2026-10-10T11:39:15+00:00
7,494,0.000,0.000,2026-10-10T11:39:15+00:00
7,495,0.000,0.000,2026-10-10T11:39:15+00:00
7,496,3.575,3.000,2026-10-10T11:39:15+00:00
7,497,0.000,0.000,2026-10-10T11:39:15+00:00
7,498,1.844,0.000,2026-10-10T11:39:15+00:00
7,499,0.000,0.000,2026-10-10T11:39:15+00:00
7,500,0.000,0.000,2026-10-10T11:39:15+00:00
7,501,2.513,0.300,2026-10-10T11:39:15+00:00
7,502,3.609,3.700,2026-10-10T11:39:15+00:00
7,503,3.838,2.300,2026-10-10T11:39:15+00:00
7,504,0.000,4.700,2026-10-10T11:39:15+00:00
7,505,0.000,0.000,2026-10-10T11:39:15+00:00
7,506,1.586,0.000,2026-10-10T11:39:15+00:00
7,507,0.000,0.000,2026-10-10T11:39:15+00:00
7,508,0.000,0.000,2026-10-10T11:39:15+00:00
7,509,0.000,0.000,2026-10-10T11:39:15+00:00
7,510,0.000,0.000,2026-10-10T11:39:15+00:00
7,511,0.000,0.000,2026-10-10T11:39:15+00:00
7,512,1.096,1.700,2026-10-10T11:39:15+00:00
7,513,0.000,0.000,2026-10-10T11:39:15+00:00
7,514,2.815,0.300,2026-10-10T11:39:15+00:00
7,515,0.000,0.700,2026-10-10T11:39:15+00:00
7,516,3.708,2.300,2026-10-10T11:39:15+00:00
7,517,0.000,0.000,2026-10-10T11:39:15+00:00
7,518,0.000,0.000,2026-10-10T11:39:15+00:00
7,519,1.740,2.000,2026-10-10T11:39:15+00:00
7,520,0.697,0.700,2026-10-10T11:39:15+00:00
7,521,0.000,0.000,2026-10-10T11:39:15+00:00
7,522,2.301,1.700,2026-10-10T11:39:15+00:00
7,523,0.000,0.000,2026-10-10T11:39:15+00:00
7,524,0.000,0.000,2026-10-10T11:39:15+00:00
7,525,2.670,1.300,2026-10-10T11:39:15+00:00
7,526,1.869,1.300,2026-10-10T11:39:15+00:00
7,527,0.000,0.000,2026-10-10T11:39:15+00:00
7,528,0.000,0.000,2026-10-10T11:39:15+00:00
7,529,2.368,0.700,2026-10-10T11:39:15+00:00
7,530,0.000,0.000,2026-10-10T11:39:15+00:00
7,531,0.000,0.000,2026-10-10T11:39:15+00:00
7,532,0.000,0.000,2026-10-10T11:39:15+00:00
7,533,3.294,0.000,2026-10-10T11:39:15+00:00
7,534,1.661,0.300,2026-10-10T11:39:15+00:00
7,535,0.372,0.000,2026-10-10T11:39:15+00:00
7,536,2.056,-0.700,2026-10-10T11:39:15+00:00
7,537,0.000,0.000,2026-10-10T11:39:15+00:00
7,538,0.000,0.000,2026-10-10T11:39:15+00:00
7,539,0.670,0.000,2026-10-10T11:39:15+00:00
7,540,0.000,0.000,2026-10-10T11:39:15+00:00
7,541,2.948,1.700,2026-10-10T11:39:15+00:00
7,542,4.427,1.700,2026-10-10T11:39:15+00:00
7,543,0.395,0.000,2026-10-10T11:39:15+00:00
7,544,3.193,1.000,2026-10-10T11:39:15+00:00
7,545,2.750,1.300,2026-10-10T11:39:15+00:00
7,546,0.000,0.000,2026-10-10T11:39:15+00:00
7,547,0.000,0.000,2026-10-10T11:39:15+00:00
7,548,0.424,0.000,2026-10-10T11:39:15+00:00
7,549,0.428,0.000,2026-10-10T11:39:15+00:00
7,550,0.000,0.000,2026-10-10T11:39:15+00:00
7,551,2.474,2.000,2026-10-10T11:39:15+00:00
7,552,0.000,0.000,2026-10-10T11:39:15+00:00
7,553,1.450,0.700,2026-10-10T11:39:15+00:00
7,554,0.000,0.000,2026-10-10T11:39:15+00:00
7,555,0.000,0.000,2026-10-10T11:39:15+00:00
7,556,0.000,0.000,2026-10-10T11:39:15+00:00
7,557,0.000,0.000,2026-10-10T11:39:15+00:00
7,558,2.880,1.700,2026-10-10T11:39:15+00:00
7,559,0.716,0.700,2026-10-10T11:39:15+00:00
7,560,0.000,0.000,2026-10-10T11:39:15+00:00
7,561,0.000,0.000,2026-10-10T11:39:15+00:00
7,562,2.114,0.700,2026-10-10T11:39:15+00:00
7,563,0.236,0.000,2026-10-10T11:39:15+00:00
7,564,2.029,0.300,2026-10-10T11:39:15+00:00
7,565,2.665,1.300,2026-10-10T11:39:15+00:00
7,566,5.552,2.000,2026-10-10T11:39:15+00:00
7,567,3.537,1.300,2026-10-10T11:39:15+00:00
7,568,1.246,0.700,2026-10-10T11:39:15+00:00
7,569,4.231,1.300,2026-10-10T11:39:15+00:00
7,570,2.075,0.300,2026-10-10T11:39:15+00:00
7,571,1.223,0.700,2026-10-10T11:39:15+00:00
7,572,3.346,2.700,2026-10-10T11:39:15+00:00
7,573,0.000,0.000,2026-10-10T11:39:15+00:00
7,574,0.209,0.000,2026-10-10T11:39:15+00:00
7,575,2.073,1.300,2026-10-10T11:39:15+00:00
7,576,1.390,0.300,2026-10-10T11:39:15+00:00
7,577,0.960,0.000,2026-10-10T11:39:15+00:00
7,578,0.000,0.000,2026-10-10T11:39:15+00:00
7,579,2.494,4.300,2026-10-10T11:39:15+00:00
7,580,3.036,3.000,2026-10-10T11:39:15+00:00
7,581,1.975,2.000,2026-10-10T11:39:15+00:00
7,582,0.000,0.000,2026-10-10T11:39:15+00:00
7,583,1.601,0.700,2026-10-10T11:39:15+00:00
7,584,0.535,0.000,2026-10-10T11:39:15+00:00
7,585,1.742,0.700,2026-10-10T11:39:15+00:00
7,586,2.047,0.300,2026-10-10T11:39:15+00:00
7,587,0.000,0.000,2026-10-10T11:39:15+00:00
7,588,3.114,4.300,2026-10-10T11:39:15+00:00
7,589,0.989,0.300,2026-10-10T11:39:15+00:00
7,590,0.000,0.000,2026-10-10T11:39:15+00:00
7,591,0.000,1.300,2026-10-10T11:39:15+00:00
7,592,1.142,1.000,2026-10-10T11:39:15+00:00
7,593,1.081,0.000,2026-10-10T11:39:15+00:00
7,594,0.335,0.000,2026-10-10T11:39:15+00:00
7,595,0.442,0.300,2026-10-10T11:39:15+00:00
7,596,1.308,1.000,2026-10-10T11:39:15+00:00
7,597,3.229,1.300,2026-10-10T11:39:15+00:00
7,598,3.196,3.000,2026-10-10T11:39:15+00:00
7,599,0.324,0.300,2026-10-10T11:39:15+00:00
7,600,0.663,0.300,2026-10-10T11:39:15+00:00
7,601,0.000,0.000,2026-10-10T11:39:15+00:00
7,602,0.000,0.000,2026-10-10T11:39:15+00:00
7,603,0.000,0.000,2026-10-10T11:39:15+00:00
7,604,0.000,0.000,2026-10-10T11:39:15+00:00
7,605,0.000,3.000,2026-10-10T11:39:15+00:00
7,606,0.000,0.000,2026-10-10T11:39:15+00:00
7,607,0.000,0.000,2026-10-10T11:39:15+00:00
7,608,0.774,0.300,2026-10-10T11:39:15+00:00
7,609,0.000,0.000,2026-10-10T11:39:15+00:00
7,610,0.000,0.000,2026-10-10T11:39:15+00:00
7,611,1.631,1.300,2026-10-10T11:39:15+00:00
7,612,0.584,-0.300,2026-10-10T11:39:15+00:00
7,613,0.000,0.000,2026-10-10T11:39:15+00:00
7,614,0.000,0.000,2026-10-10T11:39:15+00:00
7,615,0.000,0.000,2026-10-10T11:39:15+00:00
7,616,0.526,0.000,2026-10-10T11:39:15+00:00
7,617,1.371,2.300,2026-10-10T11:39:15+00:00
7,618,0.000,0.000,2026-10-10T11:39:15+00:00
7,619,2.979,2.000,2026-10-10T11:39:15+00:00
7,620,1.460,0.700,2026-10-10T11:39:15+00:00
7,621,0.000,0.000,2026-10-10T11:39:15+00:00
7,622,0.192,0.000,2026-10-10T11:39:15+00:00
7,623,0.339,0.000,2026-10-10T11:39:15+00:00
7,624,0.000,0.000,2026-10-10T11:39:15+00:00
7,625,0.000,0.000,2026-10-10T11:39:15+00:00
7,626,0.000,0.000,2026-10-10T11:39:15+00:00
7,627,3.057,2.000,2026-10-10T11:39:15+00:00
7,628,0.000,0.000,2026-10-10T11:39:15+00:00
7,629,0.000,0.000,2026-10-10T11:39:15+00:00
7,630,0.000,0.000,2026-10-10T11:39:15+00:00
7,631,0.867,0.700,2026-10-10T11:39:15+00:00
7,632,0.000,0.000,2026-10-10T11:39:15+00:00
7,633,1.069,1.000,2026-10-10T11:39:15+00:00
7,634,2.568,1.000,2026-10-10T11:39:15+00:00
7,635,1.141,0.700,2026-10-10T11:39:15+00:00
7,636,0.000,0.000,2026-10-10T11:39:15+00:00
7,637,0.829,0.700,2026-10-10T11:39:15+00:00
7,638,0.292,0.000,2026-10-10T11:39:15+00:00
7,639,2.360,4.000,2026-10-10T11:39:15+00:00
7,640,2.288,1.700,2026-10-10T11:39:15+00:00
7,641,0.347,0.300,2026-10-10T11:39:15+00:00
7,642,2.051,1.000,2026-10-10T11:39:15+00:00
7,643,0.645,0.300,2026-10-10T11:39:15+00:00
7,644,3.540,2.300,2026-10-10T11:39:15+00:00
7,645,0.000,0.000,2026-10-10T11:39:15+00:00
7,646,1.246,0.700,2026-10-10T11:39:15+00:00
7,647,0.280,0.000,2026-10-10T11:39:15+00:00
7,648,0.398,0.300,2026-10-10T11:39:15+00:00
7,649,2.954,4.700,2026-10-10T11:39:15+00:00
7,650,3.463,4.000,2026-10-10T11:39:15+00:00
7,651,0.000,0.000,2026-10-10T11:39:15+00:00
7,652,0.000,0.000,2026-10-10T11:39:15+00:00
7,653,0.000,0.000,2026-10-10T11:39:15+00:00
7,654,0.000,0.000,2026-10-10T11:39:15+00:00
7,655,0.000,0.000,2026-10-10T11:39:15+00:00
7,656,0.000,2.000,2026-10-10T11:39:15+00:00
7,657,0.000,0.000,2026-10-10T11:39:15+00:00
7,658,0.000,0.000,2026-10-10T11:39:15+00:00
7,659,0.000,0.000,2026-10-10T11:39:15+00:00
7,660,0.000,0.000,2026-10-10T11:39:15+00:00
7,661,0.000,0.000,2026-10-10T11:39:15+00:00
7,662,1.038,0.500,2026-10-10T11:39:15+00:00
7,663,0.000,0.000,2026-10-10T11:39:15+00:00
7,664,0.000,0.000,2026-10-10T11:39:15+00:00
7,665,0.000,0.000,2026-10-10T11:39:15+00:00
7,666,0.000,0.000,2026-10-10T11:39:15+00:00
7,667,0.000,0.000,2026-10-10T11:39:15+00:00
