date,ko,gw,home,away,pH,pD,pA,outcome,sc_h,sc_a,p_score,xg_h,xg_a
2026-08-21,,1,Arsenal,Coventry,0.7518608727387507,0.1670687163994121,0.0810704108618369,,,,,,
2026-08-22,,1,Brentford,Tottenham,0.4866937303846811,0.2445128365719356,0.2687934330433831,,,,,,
2026-08-22,,1,Everton,Crystal Palace,0.4226273910764154,0.2752259825112692,0.3021466264123153,,,,,,
2026-08-22,,1,Hull,Manchester United,0.2286820959819561,0.2534284977867335,0.5178894062313102,,,,,,
2026-08-22,,1,Ipswich,Sunderland,0.2918959997218778,0.2714422452334071,0.436661755044715,,,,,,
2026-08-22,,1,Nottingham Forest,Leeds,0.3929637984551141,0.270236439334047,0.3367997622108388,,,,,,
2026-08-23,,1,Brighton,Aston Villa,0.4290362552869372,0.2598534813749636,0.3111102633380992,,,,,,
2026-08-23,,1,Manchester City,Bournemouth,0.5589837233066203,0.2269751201986538,0.2140411564947258,,,,,,
2026-08-23,,1,Newcastle United,Liverpool,0.3870689114206889,0.2448601955397851,0.3680708930395261,,,,,,
2026-08-24,,1,Fulham,Chelsea,0.3479249002942501,0.2698801076587389,0.3821949920470109,,,,,,
2026-08-28,2026-08-28T19:00:00+00:00,2,Crystal Palace,Manchester City,0.2883279047338466,0.2525242104988811,0.4591478847672723,A,1.0,2.0,0.0881694593550599,1.2844333289976246,1.6809709537092528
2026-08-29,2026-08-29T14:00:00+00:00,2,Bournemouth,Everton,0.5113355798619752,0.2494868453221086,0.2391775748159162,H,2.0,1.0,0.0903141743980421,1.7835854266322897,1.1406157917617743
2026-08-29,2026-08-29T14:00:00+00:00,2,Coventry,Hull,0.361673119501658,0.2791827526994078,0.3591441277989339,H,1.0,0.0,0.0856219563452281,1.3084387278310643,1.290045254700529
2026-08-29,2026-08-29T11:30:00+00:00,2,Liverpool,Nottingham Forest,0.5539292667959221,0.2275732051292422,0.2184975280748355,H,2.0,1.0,0.093149644359298,2.025286157453651,1.1928443754504454
2026-08-29,2026-08-29T16:30:00+00:00,2,Tottenham,Newcastle United,0.3813938011330863,0.2574736276736956,0.361132571193218,H,2.0,1.0,0.0807680675801883,1.5336080720330507,1.4875626815507017
2026-08-30,2026-08-30T13:00:00+00:00,2,Chelsea,Brighton,0.4258070236479538,0.2525981648728854,0.3215948114791606,H,2.0,1.0,0.0847733089318774,1.6722766361987895,1.4337891808782337
2026-08-30,2026-08-30T13:00:00+00:00,2,Leeds,Brentford,0.4434127488959971,0.2550183581159605,0.3015688929880423,H,2.0,1.0,0.0853829206379104,1.6754421824368149,1.3413942675393489
2026-08-30,2026-08-30T15:30:00+00:00,2,Manchester United,Ipswich,0.6583522859934694,0.1993137986188179,0.1423339153877125,H,2.0,0.0,0.0984603508014894,2.3194238450511286,0.9622374813166944
2026-08-30,2026-08-30T13:00:00+00:00,2,Sunderland,Fulham,0.4161060027437167,0.2788379623896262,0.3050560348666571,H,1.0,0.0,0.0952514202598304,1.4277765645703226,1.181021197941003
2026-08-31,2026-08-31T19:00:00+00:00,2,Aston Villa,Arsenal,0.2623316914519762,0.2573824013528697,0.4802859071951541,A,1.0,2.0,0.0896332201989822,1.1853492448087226,1.7021147435052495
2026-09-04,2026-09-04T19:00:00+00:00,3,Ipswich,Liverpool,0.2088190759601258,0.2039438792367089,0.5872370448031654,A,1.0,2.0,0.0851897277211773,1.3738242464092267,2.4022190130078807
2026-09-05,2026-09-05T14:00:00+00:00,3,Brentford,Sunderland,0.5116427233315748,0.2485157950182198,0.2398414816502053,H,2.0,1.0,0.0904930594675685,1.7997382341655688,1.1467614307124046
2026-09-05,2026-09-05T14:00:00+00:00,3,Brighton,Leeds,0.4674654398998186,0.2606684908844033,0.271866069215778,H,1.0,0.0,0.089216175508343,1.6493623597055294,1.1954187773504574
2026-09-05,2026-09-05T14:00:00+00:00,3,Fulham,Crystal Palace,0.4063093497633503,0.2722321703103695,0.3214584799262801,H,1.0,0.0,0.0880611308038451,1.447670912879932,1.255940837636178
2026-09-05,2026-09-05T16:30:00+00:00,3,Hull,Aston Villa,0.3481685706011151,0.2730947162303379,0.3787367131685469,A,0.0,1.0,0.0839764975182792,1.3241928108635364,1.394031733131192
2026-09-05,2026-09-05T14:00:00+00:00,3,Manchester City,Coventry,0.7190529799570695,0.177203526528103,0.1037434935148274,H,2.0,0.0,0.1182394146292495,2.4026444992471823,0.7696810115548683
2026-09-05,2026-09-05T11:30:00+00:00,3,Newcastle United,Bournemouth,0.4143984799784403,0.2539728409922303,0.3316286790293293,H,2.0,1.0,0.0841935709385165,1.612942352241408,1.422180189745117
2026-09-05,2026-09-05T14:00:00+00:00,3,Nottingham Forest,Tottenham,0.4940117349784618,0.2530165275290259,0.2529717374925123,H,2.0,1.0,0.0910304089091307,1.702739019464691,1.1380442220251017
2026-09-06,2026-09-06T15:30:00+00:00,3,Arsenal,Chelsea,0.5790434198320245,0.2321913328971273,0.1887652472708483,H,2.0,1.0,0.0931248894970299,2.0202872021252665,1.0505257286183984
2026-09-06,2026-09-06T13:00:00+00:00,3,Everton,Manchester United,0.3491378196204921,0.264523014373752,0.3863391660057557,A,1.0,2.0,0.0823646192472522,1.446077121117296,1.5292255753806812
2026-09-12,2026-09-12T14:00:00+00:00,4,Aston Villa,Nottingham Forest,0.4247996642844901,0.2669835391798292,0.3082167965356808,H,2.0,1.0,0.0866612512029766,1.5804497995779987,1.3111083022138603
2026-09-12,2026-09-12T14:00:00+00:00,4,Bournemouth,Brentford,0.4813459293045654,0.2472014195074797,0.2714526511879548,H,2.0,1.0,0.088167286538942,1.8547614623079205,1.3366746027681942
2026-09-12,2026-09-12T14:00:00+00:00,4,Chelsea,Hull,0.5649713322549412,0.2445999316287558,0.1904287361163029,H,2.0,0.0,0.0991821222737997,1.8752565643301744,0.9873262652222984
2026-09-12,2026-09-12T14:00:00+00:00,4,Crystal Palace,Ipswich,0.5863524140994152,0.2256022948726397,0.1880452910279451,H,2.0,1.0,0.0907479321525304,2.142691040631122,1.1206422572121095
2026-09-12,2026-09-12T14:00:00+00:00,4,Liverpool,Fulham,0.5777077639622552,0.229587886279239,0.1927043497585056,H,2.0,1.0,0.0953229855378368,2.074034188704732,1.1287206478704823
2026-09-12,2026-09-12T19:00:00+00:00,4,Sunderland,Arsenal,0.2078717087859835,0.2765181266929074,0.5156101645211091,A,0.0,1.0,0.1168215643650736,0.9059812716099396,1.5969334783132196
2026-09-12,2026-09-12T16:30:00+00:00,4,Tottenham,Everton,0.3974849125307905,0.2812128712443455,0.321302216224864,H,1.0,0.0,0.0853395474956124,1.4335686733040505,1.2660701191113326
2026-09-13,2026-09-13T13:00:00+00:00,4,Coventry,Brighton,0.2776038432682839,0.2840584699538424,0.4383376867778735,A,0.0,1.0,0.0892853907768961,1.1611557063793865,1.5184210592039225
2026-09-13,2026-09-13T15:30:00+00:00,4,Manchester United,Manchester City,0.3609363030872379,0.2541471553332912,0.3849165415794707,A,1.0,2.0,0.0811005102972106,1.5874573476799592,1.6412923715098713
2026-09-14,2026-09-14T19:00:00+00:00,4,Leeds,Newcastle United,0.4256572685067714,0.2719515857513875,0.3023911457418409,H,2.0,1.0,0.0871892171937966,1.572632673638916,1.2895697346319914
2026-09-18,2026-09-18T19:00:00+00:00,5,Brentford,Chelsea,0.4199141187856634,0.2423703720959979,0.3377155091183386,H,2.0,1.0,0.081944637932353,1.844550725437776,1.6383545358830154
2026-09-19,2026-09-19T14:00:00+00:00,5,Brighton,Arsenal,0.2861178835988944,0.2796533616508395,0.4342287547502659,A,1.0,2.0,0.087798722528611,1.2025309029656936,1.5367121231434273
2026-09-19,2026-09-19T14:00:00+00:00,5,Everton,Ipswich,0.5405901215555473,0.2427248175110423,0.2166850609334103,H,2.0,1.0,0.0919667106829507,1.948294429729664,1.1579629806982883
2026-09-19,2026-09-19T14:00:00+00:00,5,Leeds,Crystal Palace,0.5053504704714096,0.2573351551063379,0.2373143744222525,H,2.0,1.0,0.0925055451273244,1.7819106296493217,1.1482984093113653
2026-09-19,2026-09-19T14:00:00+00:00,5,Manchester City,Sunderland,0.6034679759110408,0.2336772753805288,0.1628547487084302,H,2.0,0.0,0.1048609771908846,1.995008566554296,0.9227663551749206
2026-09-19,2026-09-19T14:00:00+00:00,5,Newcastle United,Hull,0.4803662307360468,0.2746907432867171,0.244943025977236,H,1.0,0.0,0.0993992719593441,1.5900304811250638,1.0689932916954017
2026-09-19,2026-09-19T16:30:00+00:00,5,Nottingham Forest,Coventry,0.5837831195596976,0.2474131148960005,0.1688037655443019,H,2.0,0.0,0.1078485899980288,1.8616127294825489,0.8976062544859109
2026-09-19,2026-09-19T11:30:00+00:00,5,Tottenham,Aston Villa,0.3964287247170768,0.270899960001241,0.3326713152816822,H,2.0,1.0,0.0836842140149936,1.5161519476391423,1.3729456636761923
2026-09-20,2026-09-20T13:00:00+00:00,5,Bournemouth,Liverpool,0.4252637849127436,0.2532865499497395,0.3214496651375168,H,2.0,1.0,0.0872698064754496,1.6930517308981223,1.4442325355135703
2026-09-20,2026-09-20T15:30:00+00:00,5,Fulham,Manchester United,0.3167195049729625,0.266107588981093,0.4171729060459445,A,1.0,2.0,0.0860153878734317,1.3313329286301565,1.5641917689694345
2026-10-10,2026-10-10T14:00:00+00:00,6,Arsenal,Leeds,0.5541208299788414,0.25829744987233183,0.18758172014882687,H,1.0,0.0,0.11636738864521641,1.7165934277893478,0.8980859234272283
2026-10-10,2026-10-10T14:00:00+00:00,6,Aston Villa,Brentford,0.3935275048771354,0.2478883146069107,0.35858418051595403,H,2.0,1.0,0.08265969218223353,1.6666387341738749,1.5848165454829255
2026-10-10,2026-10-10T14:00:00+00:00,6,Chelsea,Bournemouth,0.3991123313240217,0.2501719075749242,0.3507157611010541,H,2.0,1.0,0.0844829690539228,1.6675913227070844,1.5546746308673594
2026-10-10,2026-10-10T14:00:00+00:00,6,Coventry,Newcastle United,0.2956589033673098,0.27705204733524813,0.42728904929744216,A,0.0,1.0,0.09423366100923383,1.1683598413145004,1.4621421643366246
2026-10-10,2026-10-10T14:00:00+00:00,6,Crystal Palace,Nottingham Forest,0.3728432134240287,0.2730852736398034,0.3540715129361679,H,2.0,1.0,0.08179262885706354,1.4035433417690817,1.3595940042869787
2026-10-10,2026-10-10T14:00:00+00:00,6,Hull,Everton,0.36268573479467964,0.30388183291687765,0.33343243228844266,H,1.0,0.0,0.10483899182495893,1.19502057705212,1.1323942745863558
2026-10-10,2026-10-10T14:00:00+00:00,6,Ipswich,Fulham,0.3459674412924295,0.25890602359523424,0.3951265351123363,A,1.0,2.0,0.08306733080033406,1.455257568260523,1.5761132739155586
2026-10-10,2026-10-10T14:00:00+00:00,6,Liverpool,Manchester City,0.39215362731411474,0.25085934670923293,0.3569870259766524,H,2.0,1.0,0.08296178338926803,1.6465050403534018,1.5552079044247247
2026-10-10,2026-10-10T14:00:00+00:00,6,Manchester United,Tottenham,0.5461769306762663,0.24064253388955414,0.21318053543417964,H,2.0,1.0,0.09423077175630261,1.9017918586287994,1.1009292792722905
2026-10-10,2026-10-10T14:00:00+00:00,6,Sunderland,Brighton,0.32798259294887533,0.2634440976194349,0.40857330943168985,A,1.0,2.0,0.08512684772714249,1.3708944787023445,1.5598500279387375
2026-10-17,2026-10-17T14:00:00+00:00,7,Bournemouth,Sunderland,0.5113367580517465,0.25553039488285595,0.23313284706539755,H,2.0,1.0,0.09343381262599074,1.7513499572608133,1.1084663940673116
2026-10-17,2026-10-17T14:00:00+00:00,7,Brentford,Liverpool,0.37373697469153466,0.25148102531835986,0.3747819999901054,A,1.0,2.0,0.08134722683986773,1.5915107628664376,1.5917269029700394
2026-10-17,2026-10-17T14:00:00+00:00,7,Brighton,Crystal Palace,0.5488122636830528,0.2345018377844154,0.21668589853253187,H,2.0,1.0,0.09430161647629573,1.9739155378706392,1.1672716854109875
2026-10-17,2026-10-17T14:00:00+00:00,7,Everton,Chelsea,0.4040315373610181,0.25608370046645423,0.3398847621725277,H,2.0,1.0,0.08513177354648908,1.6036016036248253,1.4546393746530182
2026-10-17,2026-10-17T14:00:00+00:00,7,Fulham,Hull,0.40981778727432455,0.2963147566483223,0.29386745607735326,H,1.0,0.0,0.10887975839135053,1.319587744631238,1.0755679172251214
2026-10-17,2026-10-17T14:00:00+00:00,7,Leeds,Manchester United,0.38937811949688417,0.27147252997843885,0.3391493505246772,H,2.0,1.0,0.08412147287450211,1.4681917092083656,1.3540574574454791
2026-10-17,2026-10-17T14:00:00+00:00,7,Manchester City,Ipswich,0.7209234405031604,0.1639545944028075,0.1151219650940321,H,2.0,0.0,0.0875432493911564,2.7470143351075857,1.0213060118188213
2026-10-17,2026-10-17T14:00:00+00:00,7,Newcastle United,Aston Villa,0.44972643885359675,0.2468852876667418,0.30338827347966135,H,2.0,1.0,0.08836238602934583,1.7597278178100155,1.4120824616950256
2026-10-17,2026-10-17T14:00:00+00:00,7,Nottingham Forest,Arsenal,0.2650011978759807,0.2785238956873159,0.4564749064367033,A,0.0,1.0,0.10403758731678162,1.074577308067563,1.4930797555160433
2026-10-17,2026-10-17T14:00:00+00:00,7,Tottenham,Coventry,0.49059180363259813,0.27533136727697494,0.23407682909042693,H,1.0,0.0,0.11333927752244852,1.5370683478688287,0.9717424179957176
