,1,2,3,4,5,6,7,8,9,10,11,12,13,14,15,16,17,18,19,20
Manchester City,0.40905,0.2713,0.12625,0.07225,0.0418,0.0245,0.01825,0.0122,0.00865,0.00535,0.00465,0.00205,0.00175,0.001,0.0005,0.0003,0.00015,0.0,0.0,0.0
Arsenal,0.38365,0.2775,0.13735,0.07355,0.04545,0.0281,0.01965,0.011,0.00825,0.0062,0.00325,0.0021,0.00195,0.00115,0.0005,0.00025,0.0001,0.0,0.0,0.0
Liverpool,0.05805,0.1066,0.15625,0.13485,0.1098,0.0935,0.0741,0.05995,0.04955,0.04115,0.03275,0.02435,0.02025,0.0138,0.0099,0.0069,0.004,0.00275,0.0011,0.0004
Brighton,0.05205,0.1046,0.1384,0.1303,0.11025,0.09535,0.0771,0.06625,0.05315,0.0412,0.0344,0.0285,0.02025,0.01605,0.01115,0.0086,0.0065,0.00335,0.00215,0.0004
Brentford,0.0346,0.04735,0.0719,0.0783,0.0826,0.0808,0.08295,0.07385,0.0706,0.06705,0.0617,0.0538,0.047,0.042,0.03335,0.02635,0.02085,0.01235,0.00875,0.00385
Manchester United,0.01395,0.04325,0.07665,0.0869,0.09445,0.0891,0.0816,0.0788,0.0706,0.06825,0.0609,0.05305,0.04165,0.0363,0.0313,0.02655,0.021,0.01335,0.00905,0.0033
Leeds,0.0116,0.03175,0.0583,0.07705,0.0857,0.0943,0.08945,0.0872,0.07755,0.07405,0.06335,0.0589,0.0474,0.04165,0.0337,0.026,0.01915,0.01315,0.0074,0.00235
Chelsea,0.0134,0.0333,0.0523,0.06625,0.0768,0.07435,0.0758,0.07365,0.0736,0.06795,0.06465,0.0614,0.05525,0.0502,0.0456,0.0379,0.03285,0.02345,0.0139,0.0074
Bournemouth,0.0057,0.0226,0.04495,0.0627,0.07685,0.0848,0.08685,0.08355,0.0782,0.07685,0.06925,0.0629,0.05825,0.05165,0.0431,0.03455,0.0253,0.0166,0.0116,0.00375
Newcastle United,0.00405,0.01765,0.0381,0.0499,0.0586,0.0656,0.06805,0.0737,0.0778,0.07245,0.0718,0.06715,0.06815,0.06,0.05375,0.04835,0.03955,0.0325,0.0225,0.01035
Everton,0.0042,0.0115,0.0275,0.0414,0.0558,0.0595,0.0653,0.0735,0.07545,0.07785,0.07935,0.0761,0.0709,0.0644,0.06,0.05105,0.04175,0.0327,0.0205,0.01125
Nottingham Forest,0.00335,0.0114,0.0221,0.03665,0.04405,0.05455,0.0619,0.066,0.06875,0.07005,0.0715,0.07395,0.0732,0.06955,0.0673,0.05985,0.05425,0.0437,0.02985,0.01805
Hull,0.0021,0.0062,0.01355,0.0213,0.0281,0.03395,0.04095,0.0501,0.05545,0.06095,0.0644,0.0696,0.07565,0.0786,0.07835,0.0836,0.07535,0.0729,0.05455,0.03435
Aston Villa,0.00205,0.00645,0.01435,0.02405,0.0275,0.034,0.04275,0.0461,0.05125,0.0585,0.0666,0.0698,0.07625,0.0749,0.0779,0.07815,0.0777,0.0695,0.06005,0.04215
Sunderland,0.00105,0.0041,0.00885,0.0168,0.02025,0.0276,0.0378,0.04235,0.0502,0.05265,0.0628,0.0683,0.0772,0.07945,0.08605,0.08815,0.08495,0.07995,0.06535,0.04615
Crystal Palace,0.0007,0.0022,0.00755,0.0149,0.0196,0.02745,0.03205,0.0409,0.04645,0.0537,0.05575,0.06775,0.07195,0.07765,0.08475,0.08455,0.08925,0.09075,0.0778,0.0543
Fulham,0.00015,0.00085,0.0017,0.00455,0.0078,0.0114,0.01635,0.02325,0.03095,0.0364,0.05015,0.0557,0.06465,0.08025,0.0855,0.10095,0.11285,0.11245,0.1159,0.0882
Tottenham,0.0003,0.00085,0.0024,0.00485,0.00905,0.0121,0.01555,0.0216,0.02855,0.0346,0.04195,0.0501,0.06165,0.07585,0.0834,0.09465,0.1081,0.12095,0.1224,0.1111
Ipswich,0.0,0.0002,0.00105,0.00195,0.00355,0.0059,0.00805,0.00965,0.0156,0.02045,0.02445,0.0331,0.03895,0.04695,0.0634,0.0777,0.1004,0.13695,0.1922,0.2195
Coventry,0.0,0.00035,0.0005,0.0015,0.002,0.00315,0.0055,0.0064,0.0094,0.01435,0.01635,0.0214,0.0277,0.0386,0.0505,0.0656,0.08595,0.12265,0.18495,0.34315
