Div,Date,Time,HomeTeam,AwayTeam,Referee,B365H,B365D,B365A,BFDH,BFDD,BFDA,BVH,BVD,BVA,BWH,BWD,BWA,PPH,PPD,PPA,SKBH,SKBD,SKBA,MaxH,MaxD,MaxA,AvgH,AvgD,AvgA,BFEH,BFED,BFEA,B365>2.5,B365<2.5,Max>2.5,Max<2.5,Avg>2.5,Avg<2.5,BFE>2.5,BFE<2.5,AHh,B365AHH,B365AHA,MaxAHH,MaxAHA,AvgAHH,AvgAHA,BFEAHH,BFEAHA,B365CH,B365CD,B365CA,BFDCH,BFDCD,BFDCA,BVCH,BVCD,BVCA,BWCH,BWCD,BWCA,PPCH,PPCD,PPCA,SKBCH,SKBCD,SKBCA,MaxCH,MaxCD,MaxCA,AvgCH,AvgCD,AvgCA,BFECH,BFECD,BFECA,B365C>2.5,B365C<2.5,MaxC>2.5,MaxC<2.5,AvgC>2.5,AvgC<2.5,BFEC>2.5,BFEC<2.5,AHCh,B365CAHH,B365CAHA,MaxCAHH,MaxCAHA,AvgCAHH,AvgCAHA,BFECAHH,BFECAHA
E2,03/10/2026,15:00,Burton,Huddersfield,N Hair,3.9,3.5,1.81,4,3.75,1.83,3.9,3.6,1.87,3.9,3.6,1.85,3.8,3.75,1.85,3.8,3.6,1.83,4,4,1.9,3.79,3.64,1.85,4,3.95,1.97,1.85,2,1.85,2,1.78,1.95,1.87,1.98,0.5,1.95,1.9,1.95,1.9,1.89,1.83,2,1.97,,,,,,,,,,,,,,,,,,,,,,,,,,,,,,,,,,,,,,,,,,,,
E2,03/10/2026,15:00,Leyton Orient,Plymouth,S Oldham,3.4,3.75,1.91,3.5,3.75,2,3.5,3.7,1.95,3.4,3.6,2,3.4,3.8,1.95,3.3,3.6,1.91,3.5,3.8,2.02,3.41,3.68,1.97,3.6,3.85,2.08,1.67,2.15,1.67,2.2,1.64,2.16,1.72,2.28,0.5,1.85,2,1.85,2,1.78,1.93,1.9,2.08,,,,,,,,,,,,,,,,,,,,,,,,,,,,,,,,,,,,,,,,,,,,
E2,03/10/2026,15:00,Reading,Bradford,P Howard,2.2,3.4,3.1,2.3,3.4,3.1,2.25,3.4,3.1,2.25,3.4,3,2.2,3.4,3,2.2,3.3,3,2.33,3.4,3.1,2.25,3.37,3.05,2.28,3.45,3.35,2,1.85,2,1.85,1.93,1.8,2,1.93,-0.25,1.98,1.88,1.98,1.88,1.92,1.81,1.98,1.96,,,,,,,,,,,,,,,,,,,,,,,,,,,,,,,,,,,,,,,,,,,,
E3,03/10/2026,12:30,Chesterfield,Tranmere,T Parsons,1.62,3.7,5,1.73,4,4.5,1.67,3.9,4.75,1.68,4,4.33,1.67,4,4.5,1.67,3.8,4.33,1.73,4.2,5,1.68,3.97,4.49,1.72,4.1,5,1.7,2.1,1.7,2.2,1.65,2.14,1.7,2.26,-0.75,1.88,1.98,1.88,1.98,1.84,1.9,1.91,2.01,,,,,,,,,,,,,,,,,,,,,,,,,,,,,,,,,,,,,,,,,,,,
E3,03/10/2026,15:00,Accrington,Cheltenham,J O'Connor,2.2,3.4,3,2.3,3.6,2.88,2.3,3.5,2.9,2.25,3.5,2.9,2.3,3.5,2.88,2.3,3.4,2.8,2.3,3.6,3,2.26,3.46,2.88,2.48,3.75,2.98,1.75,2.05,1.8,2.05,1.73,2,1.8,2.2,-0.25,2.03,1.83,2.03,1.83,1.95,1.78,2.14,1.84,,,,,,,,,,,,,,,,,,,,,,,,,,,,,,,,,,,,,,,,,,,,
E3,03/10/2026,15:00,Crewe,Bristol Rvs,M Russell,3.1,3.4,2.15,2.88,3.6,2.3,3,3.5,2.25,2.9,3.5,2.25,2.88,3.5,2.25,2.8,3.4,2.25,3.1,3.6,2.3,2.95,3.44,2.26,3.15,3.7,2.32,1.83,2.03,1.83,2.03,1.78,1.96,1.89,2.06,0.25,1.88,1.98,1.88,1.98,1.81,1.93,1.95,2.03,,,,,,,,,,,,,,,,,,,,,,,,,,,,,,,,,,,,,,,,,,,,
E3,03/10/2026,15:00,Exeter,Rotherham,L Sandoe,2.55,3.25,2.57,2.5,3.5,2.75,2.55,3.4,2.63,2.5,3.4,2.6,2.5,3.4,2.7,2.45,3.3,2.63,2.6,3.5,2.75,2.53,3.35,2.64,2.7,3.45,2.74,1.95,1.9,1.95,1.9,1.88,1.84,1.82,1.91,0,1.9,1.95,1.9,1.95,1.84,1.9,1.94,2.01,,,,,,,,,,,,,,,,,,,,,,,,,,,,,,,,,,,,,,,,,,,,
E3,03/10/2026,15:00,Gillingham,Newport County,C Brook,1.96,3.5,3.5,2.05,3.5,3.5,2,3.4,3.6,2.05,3.5,3.4,2,3.4,3.5,2,3.3,3.4,2.05,3.6,3.6,2.02,3.46,3.44,2.14,3.6,3.55,1.98,1.88,1.98,1.88,1.93,1.8,1.98,1.92,-0.5,2.03,1.83,2.03,1.83,1.98,1.75,2.14,1.79,,,,,,,,,,,,,,,,,,,,,,,,,,,,,,,,,,,,,,,,,,,,
E3,03/10/2026,15:00,Grimsby,Shrewsbury,M Corlett,1.62,3.8,4.75,1.7,4,4.6,1.67,3.9,4.8,1.7,3.8,4.5,1.7,3.8,4.5,1.67,3.75,4.33,1.7,4,4.8,1.68,3.85,4.56,1.69,4,5.1,1.73,2.08,1.8,2.08,1.74,2,1.82,2.08,-0.75,1.9,1.95,1.9,1.95,1.86,1.87,1.89,1.97,,,,,,,,,,,,,,,,,,,,,,,,,,,,,,,,,,,,,,,,,,,,
E3,03/10/2026,15:00,Rochdale,Swindon,A Dale,2.2,3.5,2.85,2.25,3.6,3,2.25,3.5,3,2.2,3.5,3,2.2,3.5,3,2.2,3.4,2.9,2.3,3.6,3,2.24,3.48,2.94,2.3,3.55,3.15,1.83,2.03,1.83,2.03,1.76,1.98,1.81,2.1,-0.25,2,1.85,2,1.85,1.94,1.8,2,1.93,,,,,,,,,,,,,,,,,,,,,,,,,,,,,,,,,,,,,,,,,,,,
E3,03/10/2026,15:00,Salford,Fleetwood Town,R Martin,1.62,3.7,4.75,1.7,4,4.6,1.67,3.9,4.8,1.68,3.9,4.5,1.67,3.8,4.75,1.67,3.8,4.6,1.7,4,4.8,1.67,3.87,4.6,1.72,4.1,5.2,1.7,2.1,1.75,2.1,1.7,2.05,1.75,2.12,-0.75,1.85,2,1.87,2,1.83,1.91,1.9,2.06,,,,,,,,,,,,,,,,,,,,,,,,,,,,,,,,,,,,,,,,,,,,
EC,03/10/2026,15:00,Aldershot,Carlisle,G Laflin,3.2,3.7,1.95,3.1,3.75,2,3.2,3.7,1.95,3.1,3.5,1.93,3,3.75,1.95,3,3.6,1.95,3.4,3.8,2,3.12,3.67,1.96,3.3,4,2.08,1.53,2.4,1.54,2.55,1.49,2.44,1.57,2.54,0.5,1.83,1.98,1.83,1.98,1.76,1.94,1.82,2.08,,,,,,,,,,,,,,,,,,,,,,,,,,,,,,,,,,,,,,,,,,,,
EC,03/10/2026,15:00,Barrow,Wealdstone,M Mcquillan,1.8,3.7,3.8,1.8,3.75,3.75,1.75,3.7,3.9,1.75,3.6,3.6,1.75,3.75,3.75,1.75,3.6,3.6,1.83,3.8,4,1.77,3.68,3.73,1.79,4,4.4,1.67,2.15,1.67,2.2,1.63,2.15,1.65,2.28,-0.75,2.03,1.78,2.03,1.78,1.99,1.74,2.01,1.91,,,,,,,,,,,,,,,,,,,,,,,,,,,,,,,,,,,,,,,,,,,,
EC,03/10/2026,15:00,Boreham Wood,Altrincham,K Dowle,1.38,4.75,6.25,1.4,4.6,6,1.4,4.75,6,1.4,4.6,5.5,1.36,4.75,6,1.36,4.6,5.5,1.45,5,6.25,1.4,4.7,5.73,1.46,5.4,6.6,1.4,2.88,1.4,3,1.36,2.86,1.4,3.05,-1.25,1.8,2,1.83,2,1.81,1.89,1.9,1.99,,,,,,,,,,,,,,,,,,,,,,,,,,,,,,,,,,,,,,,,,,,,
EC,03/10/2026,15:00,Eastleigh,Woking,T Sangowawa,2.75,3.5,2.2,2.75,3.5,2.25,2.75,3.5,2.25,2.7,3.4,2.15,2.7,3.5,2.2,2.7,3.4,2.2,2.85,3.6,2.28,2.74,3.48,2.22,2.8,3.6,2.34,1.67,2.15,1.67,2.15,1.65,2.11,1.68,2.22,0.25,1.8,2,1.8,2,1.76,1.95,1.78,2.04,,,,,,,,,,,,,,,,,,,,,,,,,,,,,,,,,,,,,,,,,,,,
EC,03/10/2026,15:00,Gateshead,Worthing,D Watson,5.75,4.5,1.42,5.5,4.33,1.5,5.25,4.2,1.5,5,4.1,1.47,5,4.33,1.44,5,4.2,1.44,5.75,4.5,1.52,5.13,4.27,1.48,5.8,4.8,1.56,1.53,2.4,1.53,2.55,1.49,2.45,1.55,2.6,1.25,1.85,1.95,1.85,2.05,1.72,2.02,1.8,2.12,,,,,,,,,,,,,,,,,,,,,,,,,,,,,,,,,,,,,,,,,,,,
EC,03/10/2026,15:00,Harrogate,Hornchurch,S Jackson,1.6,3.9,4.75,1.6,4,4.6,1.6,3.9,4.8,1.57,3.9,4.5,1.57,4,4.75,1.55,3.8,4.6,1.62,4,5,1.58,3.93,4.69,1.63,4.1,5.1,1.67,2.15,1.67,2.2,1.63,2.15,1.68,2.24,-0.75,1.78,2.03,1.78,2.03,1.74,1.99,1.8,2.06,,,,,,,,,,,,,,,,,,,,,,,,,,,,,,,,,,,,,,,,,,,,
EC,03/10/2026,15:00,Hartlepool,Tamworth,A Jackson,2.2,3.6,2.8,2.25,3.6,2.75,2.2,3.6,2.75,2.2,3.4,2.7,2.2,3.6,2.63,2.2,3.5,2.63,2.28,3.75,2.85,2.21,3.53,2.73,2.32,3.8,2.88,1.6,2.3,1.6,2.38,1.56,2.27,1.62,2.4,-0.25,1.98,1.83,1.98,1.83,1.93,1.78,2.02,1.84,,,,,,,,,,,,,,,,,,,,,,,,,,,,,,,,,,,,,,,,,,,,
EC,03/10/2026,15:00,Kidderminster,Sutton,R Eley,2.38,3.2,2.75,2.38,3.25,2.75,2.4,3.2,2.75,2.3,3.2,2.65,2.3,3.25,2.75,2.3,3.1,2.7,2.45,3.3,2.8,2.37,3.21,2.73,2.58,3.25,2.9,2.1,1.7,2.1,1.73,2.02,1.71,2.14,1.68,0,1.78,2.03,1.78,2.03,1.74,1.98,1.71,1.92,,,,,,,,,,,,,,,,,,,,,,,,,,,,,,,,,,,,,,,,,,,,
EC,03/10/2026,15:00,Solihull,Halifax,C Jones,2.15,3.6,2.88,2.2,3.5,2.88,2.15,3.5,2.88,2.1,3.5,2.8,2.15,3.6,2.75,2.15,3.5,2.7,2.2,3.75,2.9,2.15,3.55,2.82,2.24,3.75,2.92,1.57,2.35,1.6,2.38,1.57,2.27,1.61,2.26,-0.25,1.9,1.9,1.9,1.9,1.87,1.84,1.96,1.88,,,,,,,,,,,,,,,,,,,,,,,,,,,,,,,,,,,,,,,,,,,,
EC,03/10/2026,15:00,Southend,Fylde,C Hicks,1.7,3.9,4,1.7,4,4,1.67,4,4,1.68,3.8,3.8,1.75,3.75,3.6,1.75,3.6,3.5,1.75,4.5,4,1.7,3.96,3.82,1.8,4.5,3.9,1.44,2.7,1.48,2.75,1.42,2.63,1.44,2.82,-0.75,1.9,1.9,1.9,1.9,1.85,1.85,2.02,1.9,,,,,,,,,,,,,,,,,,,,,,,,,,,,,,,,,,,,,,,,,,,,
EC,03/10/2026,15:00,Yeovil,Boston Utd,R Massey-Ellis,1.95,3.7,3.3,1.95,3.6,3.3,1.91,3.6,3.4,1.9,3.5,3.25,1.91,3.6,3.3,1.91,3.5,3.25,1.98,3.8,3.4,1.93,3.6,3.28,1.97,3.85,3.65,1.67,2.15,1.67,2.15,1.65,2.11,1.72,2.2,-0.5,1.95,1.85,1.95,1.85,1.9,1.79,1.97,1.92,,,,,,,,,,,,,,,,,,,,,,,,,,,,,,,,,,,,,,,,,,,,
SC1,03/10/2026,15:00,Livingston,Ayr,L Hogarth,1.55,3.8,5,1.53,4,5.5,1.55,3.9,5.25,1.53,3.9,4.8,1.5,4,5.5,1.5,3.8,5,1.58,4.1,5.5,1.54,3.93,5.1,1.57,4,5.2,1.73,2.08,1.73,2.1,1.7,2.03,1.75,2.02,-1,1.98,1.83,1.98,1.83,1.92,1.8,1.45,1.02,,,,,,,,,,,,,,,,,,,,,,,,,,,,,,,,,,,,,,,,,,,,
SC1,03/10/2026,15:00,Morton,Raith Rvs,S Murdoch,5,3.7,1.55,5.5,3.75,1.57,5.5,3.6,1.57,5,3.7,1.55,5.5,3.8,1.53,5.25,3.6,1.53,5.7,3.85,1.6,5.24,3.71,1.56,5.7,3.8,1.63,2,1.8,2,1.8,1.95,1.76,2.1,1.72,0.75,2.05,1.75,2.05,1.75,2.01,1.72,2.05,1.82,,,,,,,,,,,,,,,,,,,,,,,,,,,,,,,,,,,,,,,,,,,,
SC1,03/10/2026,15:00,Partick,Arbroath,J Wilkie,1.4,3.9,7,1.4,4.2,7.5,1.4,4,7.5,1.39,4.2,6.5,1.36,4.2,7.5,1.36,4,7,1.41,4.5,7.5,1.39,4.19,7.01,1.43,4.7,8.2,1.88,1.93,1.88,1.95,1.83,1.88,1.85,2,-1.25,1.95,1.85,1.95,1.85,1.92,1.8,2,1.85,,,,,,,,,,,,,,,,,,,,,,,,,,,,,,,,,,,,,,,,,,,,
SC2,03/10/2026,15:00,Airdrie Utd,Montrose,C Scott,1.75,3.75,3.6,1.83,3.5,3.6,1.8,3.6,3.8,1.78,3.5,3.6,1.8,3.7,3.7,1.8,3.5,3.5,1.85,3.75,3.8,1.8,3.55,3.69,1.85,3.55,3.9,1.73,2.08,1.73,2.1,1.69,2.04,1.71,1.54,-0.5,1.83,1.98,1.84,1.98,1.8,1.9,1.78,1.78,,,,,,,,,,,,,,,,,,,,,,,,,,,,,,,,,,,,,,,,,,,,
SC2,03/10/2026,15:00,East Fife,East Kilbride,J Hay,3.1,3.4,2,3,3.5,2.05,3.1,3.5,2.05,3.1,3.4,1.98,3.1,3.6,2,3,3.5,2,3.2,3.6,2.08,3.07,3.46,2.03,3.1,3.4,2.06,1.7,2.1,1.7,2.15,1.66,2.09,1.51,2.12,0.25,2,1.8,2,1.8,1.93,1.78,1.47,1.76,,,,,,,,,,,,,,,,,,,,,,,,,,,,,,,,,,,,,,,,,,,,
SC2,03/10/2026,15:00,Queen of Sth,Cove Rangers,L Wilson,2.38,3.6,2.4,2.4,3.4,2.5,2.45,3.4,2.55,2.4,3.3,2.45,2.4,3.5,2.5,2.38,3.4,2.45,2.5,3.6,2.55,2.41,3.41,2.48,2.44,3.25,2.68,1.8,2,1.8,2,1.74,1.97,1.8,2,0,1.88,1.93,1.88,1.93,1.82,1.89,1.84,1.97,,,,,,,,,,,,,,,,,,,,,,,,,,,,,,,,,,,,,,,,,,,,
SC2,03/10/2026,15:00,Ross County,Alloa,I Snedden,1.27,4.75,8.5,1.25,5,8.5,1.25,5.25,9.5,1.26,5.25,8,1.22,5.5,9.5,1.22,5.25,8,1.3,6,9.5,1.26,5.32,8.19,1.16,5.9,7.2,1.5,2.5,1.55,2.55,1.49,2.46,1.01,1.68,-1.5,1.8,2,1.87,2,1.78,1.92,1.76,1.97,,,,,,,,,,,,,,,,,,,,,,,,,,,,,,,,,,,,,,,,,,,,
SC2,03/10/2026,17:30,Hamilton,Peterhead,G Hanvidge,1.3,4.5,8.5,1.3,4.6,7.5,1.29,4.8,9,1.32,4.6,7.25,1.3,4.75,8,1.3,4.6,7,1.36,4.8,9,1.32,4.64,7.81,1.35,4.9,8.2,1.67,2.15,1.67,2.2,1.65,2.11,1.7,2.12,-1.5,1.95,1.85,1.98,1.85,1.93,1.77,2,1.81,,,,,,,,,,,,,,,,,,,,,,,,,,,,,,,,,,,,,,,,,,,,
SC3,03/10/2026,15:00,Annan Athletic,Stirling,M Daly,1.62,3.75,4.33,1.67,3.75,4,1.65,3.9,4.2,1.66,3.9,3.8,1.67,4,4.2,1.67,3.75,4,1.68,4,4.5,1.66,3.84,4.09,1.57,3.8,3.5,1.57,2.35,1.58,2.38,1.56,2.28,1.01,1.07,-0.75,1.85,1.95,1.85,1.95,1.83,1.88,1.82,1.64,,,,,,,,,,,,,,,,,,,,,,,,,,,,,,,,,,,,,,,,,,,,
SC3,03/10/2026,15:00,Dumbarton,Forfar,E Birch,2.2,3.4,2.75,2.3,3.4,2.63,2.25,3.4,2.75,2.3,3.4,2.55,2.3,3.5,2.63,2.25,3.4,2.6,2.33,3.5,2.8,2.28,3.39,2.67,2.2,3.4,2.4,1.7,2.1,1.73,2.1,1.69,2.05,1.01,1.07,-0.25,2,1.8,2,1.8,1.97,1.75,1.95,1.83,,,,,,,,,,,,,,,,,,,,,,,,,,,,,,,,,,,,,,,,,,,,
SC3,03/10/2026,15:00,Elgin,Clyde,G Grainger,2.05,3.5,2.88,2.1,3.6,2.8,2.1,3.6,2.9,2.1,3.5,2.8,2.1,3.7,2.88,2.1,3.5,2.8,2.15,3.75,3,2.1,3.57,2.85,2.14,3.65,2.88,1.57,2.35,1.57,2.4,1.54,2.3,1.01,1.07,-0.25,1.85,1.95,1.85,1.95,1.83,1.87,1.38,1.01,,,,,,,,,,,,,,,,,,,,,,,,,,,,,,,,,,,,,,,,,,,,
SC3,03/10/2026,15:00,Spartans,Kelty Hearts,J Kennedy,1.65,4,3.8,1.67,3.75,4,1.65,3.9,4.2,1.65,3.8,4,1.67,4,4,1.67,3.8,3.8,1.7,4,4.2,1.66,3.88,4,1.59,3.5,3.7,1.53,2.38,1.53,2.55,1.5,2.41,1.01,1.08,-0.75,1.85,1.95,1.85,1.95,1.83,1.88,1.43,1.01,,,,,,,,,,,,,,,,,,,,,,,,,,,,,,,,,,,,,,,,,,,,
SC3,03/10/2026,15:00,Stranraer,Edinburgh City,R Birrell,1.85,3.6,3.3,2,3.5,3.1,1.93,3.5,3.4,1.95,3.4,3.1,2,3.6,3.2,1.95,3.5,3.1,2.05,3.6,3.4,1.96,3.51,3.19,2.06,3.35,3.2,1.7,2.1,1.7,2.1,1.67,2.07,1.04,1.07,-0.5,1.93,1.88,1.98,1.88,1.94,1.77,2.06,1.78,,,,,,,,,,,,,,,,,,,,,,,,,,,,,,,,,,,,,,,,,,,,
SP2,02/10/2026,19:30,Eldense,Oviedo,,2.5,3,3,2.4,3,3,2.4,2.9,3,2.4,2.95,2.95,2.45,2.8,2.9,2.45,2.75,2.88,2.5,3.05,3,2.43,2.94,2.96,2.7,3.1,3.15,2.6,1.48,2.63,1.55,2.48,1.49,2.76,1.56,0,1.75,2.05,1.75,2.08,1.7,2.06,1.83,2.16,,,,,,,,,,,,,,,,,,,,,,,,,,,,,,,,,,,,,,,,,,,,
SP2,03/10/2026,13:00,Albacete,Eibar,,2.57,3.4,2.5,2.63,3.3,2.5,2.63,3.25,2.45,2.7,3.25,2.37,2.6,3.3,2.4,2.5,3.25,2.38,2.75,3.4,2.52,2.65,3.28,2.44,2.84,3.45,2.62,1.93,1.88,1.93,1.88,1.87,1.83,1.98,1.96,0,1.95,1.85,1.95,1.85,1.93,1.8,2.05,1.88,,,,,,,,,,,,,,,,,,,,,,,,,,,,,,,,,,,,,,,,,,,,
SP2,03/10/2026,15:15,Almeria,Burgos,,1.56,3.6,6.25,1.6,3.75,5,1.57,3.7,5.25,1.6,3.7,5,1.57,3.8,5,1.55,3.6,4.8,1.62,3.8,6.25,1.59,3.71,5.18,1.65,3.95,5.9,1.95,1.85,1.95,1.9,1.87,1.84,2,1.35,-1,2.05,1.75,2.1,1.9,2.02,1.74,2.07,1.69,,,,,,,,,,,,,,,,,,,,,,,,,,,,,,,,,,,,,,,,,,,,
SP2,03/10/2026,17:30,Cadiz,Leganes,,2.75,3.2,2.5,2.75,3.1,2.5,2.8,3.1,2.4,2.75,3.1,2.45,2.75,3.1,2.38,2.7,3.1,2.38,2.9,3.2,2.52,2.78,3.1,2.44,3.1,3.15,2.62,2.25,1.62,2.25,1.65,2.2,1.61,2.44,1.66,0,2.03,1.78,2.03,1.78,2,1.74,2.15,1.8,,,,,,,,,,,,,,,,,,,,,,,,,,,,,,,,,,,,,,,,,,,,
SP2,03/10/2026,17:30,Sabadell,Andorra,,2.01,3.4,3.6,2.05,3.2,3.4,2,3.25,3.5,2,3.2,3.5,2,3.25,3.3,2,3.1,3.25,2.1,3.4,3.75,2.04,3.18,3.48,2.12,3.3,3.9,2.1,1.7,2.1,1.75,2.04,1.7,2.16,1.8,-0.5,2.05,1.75,2.05,1.75,2.02,1.71,2.12,1.81,,,,,,,,,,,,,,,,,,,,,,,,,,,,,,,,,,,,,,,,,,,,
SP2,04/10/2026,13:00,Sociedad B,Granada,,2.5,3.2,2.7,2.5,3.25,2.63,2.45,3.25,2.63,2.45,3.25,2.6,2.4,3.3,2.6,2.38,3.25,2.5,2.55,3.3,2.75,2.46,3.23,2.64,2.62,3.4,2.8,1.95,1.85,1.95,1.85,1.91,1.81,2,1.86,0,1.83,1.98,1.83,1.98,1.8,1.93,,,,,,,,,,,,,,,,,,,,,,,,,,,,,,,,,,,,,,,,,,,,,,
SP2,04/10/2026,15:15,Sp Gijon,Celta B,,1.51,4,6,1.53,4,5.5,1.5,4,5.5,1.53,4,5.25,1.5,4,5.5,1.5,3.8,5.25,1.58,4.2,6,1.52,3.98,5.4,1.56,4.2,6,1.75,2.05,1.75,2.05,1.72,2,1.01,1.25,-1,1.95,1.85,1.95,1.87,1.9,1.82,,,,,,,,,,,,,,,,,,,,,,,,,,,,,,,,,,,,,,,,,,,,,,
SP2,04/10/2026,17:30,Castellon,Ceuta,,1.22,6,10,1.22,6,9.5,1.22,5.75,9.5,1.26,6,8,1.2,6,9.5,1.22,5.5,8.5,1.27,6,10,1.24,5.88,8.88,1.28,6.4,11,1.4,2.88,1.4,3.1,1.35,2.96,1.4,1.26,-1.75,1.88,1.93,1.88,1.93,1.84,1.89,,,,,,,,,,,,,,,,,,,,,,,,,,,,,,,,,,,,,,,,,,,,,,
SP2,04/10/2026,17:30,Las Palmas,Valladolid,,2.15,3.1,3.5,2.15,3.25,3.2,2.1,3.25,3.2,2.1,3.2,3.25,2.1,3.25,3.1,2.1,3.1,3.1,2.25,3.3,3.5,2.14,3.2,3.22,2.22,3.35,3.4,2.05,1.75,2.05,1.8,1.99,1.74,2.04,1.25,-0.25,1.88,1.93,1.88,1.93,1.85,1.87,,,,,,,,,,,,,,,,,,,,,,,,,,,,,,,,,,,,,,,,,,,,,,
SP2,04/10/2026,20:00,Girona,Mallorca,,2.15,3.3,3.2,2.15,3.4,3,2.15,3.4,3,2.1,3.3,3.1,2.1,3.4,3,2.1,3.3,2.9,2.25,3.45,3.2,2.15,3.34,3.03,2.34,3.55,3.1,1.85,1.95,1.85,1.95,1.8,1.92,1.87,2,-0.25,1.93,1.88,1.93,1.88,1.89,1.84,,,,,,,,,,,,,,,,,,,,,,,,,,,,,,,,,,,,,,,,,,,,,,
SP2,05/10/2026,19:30,Cordoba,Tenerife,,1.86,3.4,4,1.9,3.5,3.6,1.9,3.4,3.6,1.9,3.4,3.6,1.9,3.5,3.6,1.85,3.25,3.3,1.98,3.5,4,1.91,3.37,3.63,1.95,3.25,3.8,1.88,1.93,1.88,1.93,1.82,1.89,,,-0.5,1.9,1.9,1.93,1.9,1.89,1.82,,,,,,,,,,,,,,,,,,,,,,,,,,,,,,,,,,,,,,,,,,,,,,
